EXP,https://github.com/expanse-org/go-expanse
EXP,https://github.com/expanse-org/discord-tip-bot
EXP,https://github.com/expanse-org/luna-wallet
BRZC,https://github.com/BreezeDeMarUK/BreezeCoin
ZPR,https://github.com/zperteam/Docs
ZPR,https://github.com/zperteam/zperlight
ZPR,https://github.com/zperteam/TokennSalenTools
ZEUS,https://github.com/ZEUS-coin/Desktop-Wallet
ZEUS,https://github.com/ZEUS-coin/ethereum-lists
ZEUS,https://github.com/ZEUS-coin/docs
ZEST,https://github.com/zestfoundation/ZestCoin
TBX,https://github.com/zeriontech/Web3Swift
TBX,https://github.com/zeriontech/try-ethereum
TBX,https://github.com/zeriontech/ethhub
ZEN,https://github.com/ZencashOfficial/HorizenAcademy
ZEN,https://github.com/ZencashOfficial/arizen
ZEN,https://github.com/ZencashOfficial/zencash-mobile
ZPT,https://github.com/zeepin/CryptoGalaxy
ZPT,https://github.com/zeepin/Zeepin-Java-Sdk
ZPT,https://github.com/zeepin/Documentation
YEED,https://github.com/yggdrash/yggdrash
YEED,https://github.com/yggdrash/explorer-proxy
YEED,https://github.com/yggdrash/explorer
XYO,https://github.com/XYOracleNetwork/sdk-objectmodel-swift
XYO,https://github.com/XYOracleNetwork/sdk-core-swift
XYO,https://github.com/XYOracleNetwork/sdk-xyobleinterface-swift
XBY,https://github.com/XTRABYTES/XCITE
XBY,https://github.com/XTRABYTES/XTRABYTES
XBY,https://github.com/XTRABYTES/SSS
XMX,https://github.com/XMaxPlatform/support-chain
XMX,https://github.com/XMaxPlatform/Documents
XMX,https://github.com/XMaxPlatform/xmax-mainchain
XDCE,https://github.com/XinFinOrg/MyContract
XDCE,https://github.com/XinFinOrg/TradeFinexLive
XDCE,https://github.com/XinFinOrg/DemoTradeFinex
XEL,https://github.com/xel-software/xel-lite-wallet
XEL,https://github.com/xel-software/xel-computation-wallet
XEL,https://github.com/xel-software/xel-installer-docker
LIF,https://github.com/windingtree/wt-search-api
LIF,https://github.com/windingtree/wt-notification-api
LIF,https://github.com/windingtree/wt-pricing-algorithms
WIB,https://github.com/wibsonorg/wibson-core
WIB,https://github.com/wibsonorg/notary-sdk
WIB,https://github.com/wibsonorg/buyer-sdk
TRST,https://github.com/WeTrustPlatform/paramount
TRST,https://github.com/WeTrustPlatform/account-indexer
TRST,https://github.com/WeTrustPlatform/staking-dapp
WSX,https://github.com/WeAreSatoshi/WeAreSatoshi2
WSX,https://github.com/WeAreSatoshi/WeAreSatoshi-Archives
WSX,https://github.com/WeAreSatoshi/webpage_was
WAX,https://github.com/waxio/waxio.github.io
WAX,https://github.com/waxio/wax-erc20-delivery-contract
WAX,https://github.com/waxio/wax-api
WAND,https://github.com/WandXDapp/Smart-Contracts
WAND,https://github.com/WandXDapp/WandXOptionsDapp
WAND,https://github.com/WandXDapp/paymentchannel
VITE,https://github.com/vitelabs/go-vite
VITE,https://github.com/vitelabs/vite-wiki
VITE,https://github.com/vitelabs/vite-app-ios
VNX,https://github.com/VisionX-Team/DefectDetection
VIT,https://github.com/ViceIndustryToken/steem-js
VIT,https://github.com/ViceIndustryToken/faucet
VIT,https://github.com/ViceIndustryToken/steemdb
VEST,https://github.com/vestchain/vestchain
VEST,https://github.com/vestchain/vest-token
VERI,https://github.com/veritaseum/janitor-lambda
VERI,https://github.com/veritaseum/api-docs
VERI,https://github.com/veritaseum/truffle-contract
VSF,https://github.com/VeriSafe/Desktop-Wallet
VSF,https://github.com/VeriSafe/0x-launch-kit
VSF,https://github.com/VeriSafe/tokens
CRED,https://github.com/verifyas/docs
CRED,https://github.com/verifyas/integration-guide-demo
CRED,https://github.com/verifyas/android-sdk
XVG,https://github.com/vergecurrency/vergecurrency.com
XVG,https://github.com/vergecurrency/vDroid
XVG,https://github.com/vergecurrency/vDocker
VCT,https://github.com/valuecyber/Weekly
VCT,https://github.com/valuecyber/slips
VCT,https://github.com/valuecyber/WhitePaper
OOT,https://github.com/Utrum/python-OP_RETURN
OOT,https://github.com/Utrum/insight-ui-oot
OOT,https://github.com/Utrum/py-ipfs-api
UTNP,https://github.com/UniversaBlockchain/universa
UTNP,https://github.com/UniversaBlockchain/minicrypto-java
UTNP,https://github.com/UniversaBlockchain/JSUniversaToolkit
UBTC,https://github.com/UnitedBitcoin/UnitedBitcoin
UBTC,https://github.com/UnitedBitcoin/gsharpc
UBTC,https://github.com/UnitedBitcoin/gjavac
UKG,https://github.com/unikoingold/Plugin-WooCommerce-UKG
UKG,https://github.com/unikoingold/UnikoinGold-UKG-Contract
UKG,https://github.com/unikoingold/ethereum_contracts
ULT,https://github.com/ultiledger/hd-wallet
ULT,https://github.com/ultiledger/utoken
ULT,https://github.com/ultiledger/utoken.cash
UBEX,https://github.com/ubex-ai/ubex-mining-ui
UBEX,https://github.com/ubex-ai/slot-client
UBEX,https://github.com/ubex-ai/ubex-pixel
SMLY,https://github.com/tutor-web/twstats
SMLY,https://github.com/tutor-web/tutor-web
SMLY,https://github.com/tutor-web/Products.TutorWeb
TRUST,https://github.com/TrustPlus/TRUSTplusXTP
TRUST,https://github.com/TrustPlus/TrustPlus
TRUST,https://github.com/TrustPlus/crypto-supplies
TTT,https://github.com/trustnote/trustnote-pow-common
TTT,https://github.com/trustnote/trustnote-pow-supernode
TTT,https://github.com/trustnote/trustnote-pow-wallet
TFL,https://github.com/TrueFlip/prizecounter
TFL,https://github.com/TrueFlip/trueflip-contracts
TFL,https://github.com/TrueFlip/token-holder-lottery
TDP,https://github.com/TrueDeck/TrueDeckTokenBurn
TDP,https://github.com/TrueDeck/TrueDeckTokenLocking
TDP,https://github.com/TrueDeck/Airdrop
TRX,https://github.com/tronprotocol/java-tron
TRX,https://github.com/tronprotocol/sun-network
TRX,https://github.com/tronprotocol/chainbase
TNC,https://github.com/trinity-project/NeoNode
TNC,https://github.com/trinity-project/cs-trinity
TNC,https://github.com/trinity-project/trinity-gateway
TOSC,https://github.com/tos-project/toswallet-ios
TOSC,https://github.com/tos-project/TOSC
TOSC,https://github.com/tos-project/toswallet-android
TOMO,https://github.com/tomochain/trc721
TOMO,https://github.com/tomochain/dex-client
TOMO,https://github.com/tomochain/dex-server
TEN,https://github.com/tokenomy/tokenomy-assets
TEN,https://github.com/tokenomy/Tokenomy-Exchange-API-Documentation
TRIO,https://github.com/thetripio/roomnight
TRIO,https://github.com/thetripio/wallet-mobile-web
TRIO,https://github.com/thetripio/foundingteam
THETA,https://github.com/thetatoken/theta-infrastructure-ledger-explorer
THETA,https://github.com/thetatoken/theta-protocol-ledger
THETA,https://github.com/thetatoken/theta-mainnet-integration-guide
QRL,https://github.com/theQRL/theqrl.org
QRL,https://github.com/theQRL/qips
QRL,https://github.com/theQRL/block-explorer
MBRS,https://github.com/TheEmbermine/SlipstreamAlpha
MBRS,https://github.com/TheEmbermine/eos
MBRS,https://github.com/TheEmbermine/cli
BEE,https://github.com/thebeetoken/beenest-server
BEE,https://github.com/thebeetoken/beenest-web
BEE,https://github.com/thebeetoken/smartcontracts
ABYSS,https://github.com/theabyssportal/DAICO-Smart-Contract
ABYSS,https://github.com/theabyssportal/Old-Smart-Contract
TRC,https://github.com/terracoin/trcninja-dbdump
TRC,https://github.com/terracoin/website
TRC,https://github.com/terracoin/insight-api-terracoin
TEL,https://github.com/telcoin/token-profile
TEL,https://github.com/telcoin/cdr-parser
TEL,https://github.com/telcoin/ico
SYS,https://github.com/syscoin/syscoin
SYS,https://github.com/syscoin/safe-t-mcu
SYS,https://github.com/syscoin/sysethereum-dapp
AMP,https://github.com/synereo/logzio_aws_serverless
AMP,https://github.com/synereo/synereo
AMP,https://github.com/synereo/docs
SYNX,https://github.com/SyndicateLtd/SyndicateQt
SYNX,https://github.com/SyndicateLtd/SyndicateQT-old
SYNX,https://github.com/SyndicateLtd/SYNX-Android
MFG,https://github.com/syncfab/smartcontract
SET,https://github.com/swytch-io/ghidra
SET,https://github.com/swytch-io/swytch-anchors
SET,https://github.com/swytch-io/proof-of-production
CHSB,https://github.com/SwissBorg/prometheus-akka-http
CHSB,https://github.com/SwissBorg/voting-token
CHSB,https://github.com/SwissBorg/swissborg.github.io
SWM,https://github.com/swarmfund/MarketAccessProtocol-Swarm
SWM,https://github.com/swarmfund/swarm-go
SWM,https://github.com/swarmfund/barnswallow
SWT,https://github.com/swarmcity/SwarmCityContracts
SWT,https://github.com/swarmcity/SwarmCityAPI
SWT,https://github.com/swarmcity/SwarmCityDapp
SUQA,https://github.com/SUQAORG/SIN-core
SUQA,https://github.com/SUQAORG/SUQA-0.17.1-1
SUQA,https://github.com/SUQAORG/SUQA-CORE
UNITY,https://github.com/SuperNETorg/bitgo-utxo-lib
UNITY,https://github.com/SuperNETorg/komodoWallet
UNITY,https://github.com/SuperNETorg/insight-ui-komodo
DATA,https://github.com/streamr-dev/streamr-platform
DATA,https://github.com/streamr-dev/esports-dapp
DATA,https://github.com/streamr-dev/streamr-client-javascript
STRAT,https://github.com/stratisproject/StratisBitcoinFullNode
STRAT,https://github.com/stratisproject/StratisCore
STRAT,https://github.com/stratisproject/BlockExplorer
SJCX,https://github.com/storj/docs
SJCX,https://github.com/storj/storj
SJCX,https://github.com/storj/Tardigrade.io
XLM,https://github.com/stellar/go
XLM,https://github.com/stellar/stellar-core
XLM,https://github.com/stellar/js-stellar-wallets
SNT,https://github.com/status-im/status-react
SNT,https://github.com/status-im/discover-dapps
SNT,https://github.com/status-im/keycard-cli
STAR,https://github.com/StarbaseCo/starbase-platform-smart-contracts
STAR,https://github.com/StarbaseCo/eth-contract-metadata
STAR,https://github.com/StarbaseCo/StarbaseTools
SPND,https://github.com/Spend/Spend-Whitepaper
SPND,https://github.com/Spend/eth-contract-metadata
SPND,https://github.com/Spend/Spend-Business
SIG,https://github.com/SpectivOfficial/live-tour-lab
SIG,https://github.com/SpectivOfficial/eos-smart-contract-info
SIG,https://github.com/SpectivOfficial/spectiv-boilerplate
SPK,https://github.com/sparkspay/SparksMasternodeInstall
SPK,https://github.com/sparkspay/sparks-deb
SPK,https://github.com/sparkspay/sparks
SNM,https://github.com/sonm-io/linux
SNM,https://github.com/sonm-io/benchmarks-list
SNM,https://github.com/sonm-io/core
SOLVE,https://github.com/SolveCare/react-native-nested-scroll-view
SOLVE,https://github.com/SolveCare/schedule-a-doctor
SOLVE,https://github.com/SolveCare/care-protocol-api
SMOKE,https://github.com/smokenetwork/webapp
SMOKE,https://github.com/smokenetwork/smoked
SMOKE,https://github.com/smokenetwork/smoke-docs
SLM,https://github.com/slimcoin-project/Slimcoin
SLM,https://github.com/slimcoin-project/ansible-slimcoin-qt-win
SLM,https://github.com/slimcoin-project/slimcoin-project.github.io
SKY,https://github.com/skycoin/cx-games
SKY,https://github.com/skycoin/skycoin.net
SKY,https://github.com/skycoin/arena
SRN,https://github.com/sirin-labs/SirinOS-SDK
SRN,https://github.com/sirin-labs/SirinOS-SDK-DemoApp
SRN,https://github.com/sirin-labs/karma.js
AGI,https://github.com/singnet/snet-daemon
AGI,https://github.com/singnet/snet-cli
AGI,https://github.com/singnet/virtual-assistant
MER,https://github.com/SigwoTechnologies/explorer
MER,https://github.com/SigwoTechnologies/wagerr-explorer
MER,https://github.com/SigwoTechnologies/jupiter-gravity
DAR,https://github.com/SigwoTechnologies/explorer
DAR,https://github.com/SigwoTechnologies/wagerr-explorer
DAR,https://github.com/SigwoTechnologies/jupiter-gravity
SGN,https://github.com/signalsnetwork/token-sale-contract
SHIFT,https://github.com/ShiftNrg/shift-js
SHIFT,https://github.com/ShiftNrg/shift-wallet
SHIFT,https://github.com/ShiftNrg/shift
SHP,https://github.com/sharpe-capital/XChange
SHP,https://github.com/sharpe-capital/xchange-stream
SHP,https://github.com/sharpe-capital/react-native-snap-carousel
S,https://github.com/sharpay-io/cloudflare
S,https://github.com/sharpay-io/sharpay-landing
S,https://github.com/sharpay-io/frozen-tokens-check
SS,https://github.com/Sharders/sharder-chain
SS,https://github.com/Sharders/whitepaper
SS,https://github.com/Sharders/sharder-explorer
SDC,https://github.com/shadowproject/shadow
SDC,https://github.com/shadowproject/bitcoin
SDC,https://github.com/shadowproject/website
SENT,https://github.com/sentinel-official/sentinel
SENT,https://github.com/sentinel-official/cosmos-sdk
SENT,https://github.com/sentinel-official/tendermint
SSC,https://github.com/SelfSellTeam/SelfSell-linux
SSC,https://github.com/SelfSellTeam/fast-compile
SSC,https://github.com/SelfSellTeam/test
SEER,https://github.com/seer-project/bitshares-fc
SEER,https://github.com/seer-project/Seer-UI
SEER,https://github.com/seer-project/seerjs
SEELE,https://github.com/seeleteam/go-seele
SEELE,https://github.com/seeleteam/scan
SEELE,https://github.com/seeleteam/SeeleWallet
SPN,https://github.com/SapienNetwork/Sapien-White-Paper
SPN,https://github.com/SapienNetwork/medium-draft
SPN,https://github.com/SapienNetwork/Rocket.Chat
SAN,https://github.com/santiment/app
SAN,https://github.com/santiment/sanbase2
SAN,https://github.com/santiment/san-ui
SAFEX,https://github.com/safex/safexcore
SAFEX,https://github.com/safex/gosafex
SAFEX,https://github.com/safex/wiki
RBLX,https://github.com/rublixdev/hedgtokenmint
RBLX,https://github.com/rublixdev/HT-Dash-Provisional
RBLX,https://github.com/rublixdev/rblxtokenmint
RBTC,https://github.com/rsksmart/stats
RBTC,https://github.com/rsksmart/rskj
RBTC,https://github.com/rsksmart/RSKIPs
XRP,https://github.com/ripple/ripple-dev-portal
XRP,https://github.com/ripple/rippled
XRP,https://github.com/ripple/vl
RMESH,https://github.com/RightMesh/payment-channel-performance
RMESH,https://github.com/RightMesh/docker-ubuntu-openjdk-ansible
RMESH,https://github.com/RightMesh/docker-ubuntu-openjdk
RIF,https://github.com/riflabs/RIF-Token
R,https://github.com/Revain/design
R,https://github.com/Revain/Token
REQ,https://github.com/RequestNetwork/requestNetwork
REQ,https://github.com/RequestNetwork/requestNetwork-v1-archive
REQ,https://github.com/RequestNetwork/documentation
BERRY,https://github.com/Rentberry/lambda-images-resizer
BERRY,https://github.com/Rentberry/MapsUtils
BERRY,https://github.com/Rentberry/coinmarketcap-api-php
REM,https://github.com/Remmeauth/remme-protobuf
REM,https://github.com/Remmeauth/remme-core
REM,https://github.com/Remmeauth/remme-core-activity-simulation
RHOC,https://github.com/rchain/rchain
RHOC,https://github.com/rchain/rchain-logstash
RHOC,https://github.com/rchain/whiteblock
RTE,https://github.com/rate-engineering/rate3-monorepo
RTE,https://github.com/rate-engineering/ratex-webflow-snippets
RTE,https://github.com/rate-engineering/dai-ly
QLC,https://github.com/qlcchain/go-qlc
QLC,https://github.com/qlcchain/WinQ-iOS
QLC,https://github.com/qlcchain/sms-billing
PURA,https://github.com/puracore/pura
PBL,https://github.com/PublicaIO/mvp
PBL,https://github.com/PublicaIO/testing-environment
PBL,https://github.com/PublicaIO/publica-contracts
XPX,https://github.com/proximax-storage-foundry/xpx-dirloader
XPX,https://github.com/proximax-storage-foundry/xpx-java-sdk-cli
XPX,https://github.com/proximax-storage-foundry/proximax-simple-upload-site
VOCO,https://github.com/provocome/special
VOCO,https://github.com/provocome/fooling_around_one_contract
VOCO,https://github.com/provocome/fooling_around_one_dapp
PTT,https://github.com/ProtonNetwork/proton_site
PTT,https://github.com/ProtonNetwork/Proton-Wiki
PTT,https://github.com/ProtonNetwork/Proton
BTM,https://github.com/project-bitmark/BIP
BTM,https://github.com/project-bitmark/solid-brain
BTM,https://github.com/project-bitmark/brain
PRA,https://github.com/ProChain/pra_scatter_middleware
PRA,https://github.com/ProChain/ProRatingEOS
PRA,https://github.com/ProChain/LndHub
PRIX,https://github.com/Privatix/dapp-proxy
PRIX,https://github.com/Privatix/dappctrl
PRIX,https://github.com/Privatix/privatix
PSC,https://github.com/Primestonecoin/MN-Script-IPv4
PSC,https://github.com/Primestonecoin/manuals
PSC,https://github.com/Primestonecoin/PrimeStone
PRE,https://github.com/PresearchOfficial/presearch-packages
PRE,https://github.com/PresearchOfficial/presearch-provider-icons
PRE,https://github.com/PresearchOfficial/Start-Extension-Firefox
POT,https://github.com/potcoin/Potcoin
POT,https://github.com/potcoin/potcore
POT,https://github.com/potcoin/PotcoinJS
PCH,https://github.com/PopchainOrg/PopChain-gho
PCH,https://github.com/PopchainOrg/poprig-deps
PCH,https://github.com/PopchainOrg/poprig
NCT,https://github.com/polyswarm/polyswarm-client
NCT,https://github.com/polyswarm/polyswarmd
NCT,https://github.com/polyswarm/orchestration
POE,https://github.com/poetapp/explorer-web
POE,https://github.com/poetapp/frost-api
POE,https://github.com/poetapp/documentation
BURST,https://github.com/PoC-Consortium/Nogrod
BURST,https://github.com/PoC-Consortium/engraver
BURST,https://github.com/PoC-Consortium/aggregator
PXG,https://github.com/playgame-global/acta
PXG,https://github.com/playgame-global/indodax-rx
PLTC,https://github.com/platonfinance/club
PLTC,https://github.com/platonfinance/SmartContracts
PLTC,https://github.com/platonfinance/Documents
PINK,https://github.com/Pink2Dev/Pink2
PINK,https://github.com/Pink2Dev/PinkPiUi
PINK,https://github.com/Pink2Dev/PinkPi
PLR,https://github.com/pillarwallet/pillarwallet
PLR,https://github.com/pillarwallet/pillarwallet-nodejs-sdk
PLR,https://github.com/pillarwallet/rn-signal-protocol-messaging
PPC,https://github.com/peercoin/peercoin
PPC,https://github.com/peercoin/peercoin.net
PPC,https://github.com/peercoin/rfcs
PEDI,https://github.com/PedityOfficial/pedityofficial.github.io
PEDI,https://github.com/PedityOfficial/Pedity-Platform
PEDI,https://github.com/PedityOfficial/js-stellar-sdk
PMNT,https://github.com/PaymonTeam/paymon-wallet
PMNT,https://github.com/PaymonTeam/paymoncoin
PMNT,https://github.com/PaymonTeam/paymon-ios-new
PDX,https://github.com/PayDayCoinIo/PayDayCoin
PDX,https://github.com/PayDayCoinIo/Binaries
PDX,https://github.com/PayDayCoinIo/docs
PYN,https://github.com/PaycentGlobal/crowdsale
PASL,https://github.com/PascalLite/wallet
PASL,https://github.com/PascalLite/pascallite.com
PART,https://github.com/particl/particl-desktop
PART,https://github.com/particl/omp-lib
PART,https://github.com/particl/particl.io
PARETO,https://github.com/ParetoNetwork/ParetoDevelopmentActivityRelay
PARETO,https://github.com/ParetoNetwork/ParetoMVP
PARETO,https://github.com/ParetoNetwork/eth-contract-metadata
$PAC,https://github.com/PACCommunity/PAC
$PAC,https://github.com/PACCommunity/pacj
$PAC,https://github.com/PACCommunity/pac-android
SHL,https://github.com/oysterprotocol/brokernode
SHL,https://github.com/oysterprotocol/webnode
SHL,https://github.com/oysterprotocol/webinterface
PRL,https://github.com/oysterprotocol/brokernode
PRL,https://github.com/oysterprotocol/webnode
PRL,https://github.com/oysterprotocol/webinterface
OX,https://github.com/oxfina/Token
OX,https://github.com/oxfina/OX-Fina
OX,https://github.com/oxfina/OX-Whitepaper
CHX,https://github.com/OwnMarket/OwnBlockchain
CHX,https://github.com/OwnMarket/OwnWallet
CHX,https://github.com/OwnMarket/OwnBlockchainSdkJS
OSA,https://github.com/osa-decentralized/data_busters
OSA,https://github.com/osa-decentralized/pyspark_db_utils
OSA,https://github.com/osa-decentralized/forecastonishing
ORS,https://github.com/OriginSport/betcenter_backend_helper
ORS,https://github.com/OriginSport/casino-ethereum
ORS,https://github.com/OriginSport/casino-service
OST,https://github.com/OpenST/JLP
OST,https://github.com/OpenST/mosaic.js
OST,https://github.com/OpenST/brandedtoken-contracts
ONT,https://github.com/ontio/ontology
ONT,https://github.com/ontio/ontology-explorer
ONT,https://github.com/ontio/documentation
ONOT,https://github.com/onochat/ONOchain.contracts
ONOT,https://github.com/onochat/Design-Docs
ONOT,https://github.com/onochat/ONOchain
OIO,https://github.com/Online-io/db-migrate-cassandra
OIO,https://github.com/Online-io/onfido-sdk-ui
OMNI,https://github.com/OmniLayer/omnicore
OMNI,https://github.com/OmniLayer/omniapi
OMNI,https://github.com/OmniLayer/omniexplorer
OMG,https://github.com/omisego/elixir-omg
OMG,https://github.com/omisego/ewallet
OMG,https://github.com/omisego/plasma-contracts
ODN,https://github.com/obsidianproject/Blockexplorer
ODN,https://github.com/obsidianproject/Obsidian-StratisNode
ODN,https://github.com/obsidianproject/Obsidian-StratisWallet
NYAN,https://github.com/Nyancoins/nyancoin-client
NYAN,https://github.com/Nyancoins/litecoin-nyan-fork
NYAN,https://github.com/Nyancoins/NyanPaw
NCASH,https://github.com/NucleusVision/nv-reports
NCASH,https://github.com/NucleusVision/Machine-Learning
NCASH,https://github.com/NucleusVision/smartcontracts
NPER,https://github.com/NperProject/Android_Wallet
NPER,https://github.com/NperProject/SmartContract
NPER,https://github.com/NperProject/Marketing
NXS,https://github.com/Nexusoft/NexusInterface
NXS,https://github.com/Nexusoft/LLL-TAO
NXS,https://github.com/Nexusoft/PrimePool
NTY,https://github.com/nextyio/nytex
NTY,https://github.com/nextyio/nexty-mobile-RN
NTY,https://github.com/nextyio/nexty-governance
NEXT,https://github.com/NextExchange/HODLER-Open-Source-Multi-Asset-Wallet
NEXT,https://github.com/NextExchange/sentinel
NEXT,https://github.com/NextExchange/freewallet-mobile
NYC,https://github.com/NewYorkCoin-NYC/NYC-site
NYC,https://github.com/NewYorkCoin-NYC/prohashing-graviex
NYC,https://github.com/NewYorkCoin-NYC/nycoin
NETKO,https://github.com/NetkoCoin/netko
NETKO,https://github.com/NetkoCoin/electrum-netko-server
NEO,https://github.com/neo-project/neo-plugins
NEO,https://github.com/neo-project/neo-cli
NEO,https://github.com/neo-project/neo.org
NDX,https://github.com/ndexnetwork/Qexpeatio
NDX,https://github.com/ndexnetwork/eth-contract-metadata
NDX,https://github.com/ndexnetwork/ndexmarketapi
NAV,https://github.com/NAVCoin/NavHub
NAV,https://github.com/NAVCoin/navcoin-core
NAV,https://github.com/NAVCoin/KnowledgeBase
NANJ,https://github.com/NANJ-COIN/ios-sdk
NANJ,https://github.com/NANJ-COIN/android-sdk
NANJ,https://github.com/NANJ-COIN/nanjs
NMC,https://github.com/namecoin/namecoin-core
NMC,https://github.com/namecoin/electrum-nmc
NMC,https://github.com/namecoin/ncdns
WISH,https://github.com/MyWishPlatform/mywill_frontend
WISH,https://github.com/MyWishPlatform/mywill_backend
WISH,https://github.com/MyWishPlatform/swap-site
HUSH,https://github.com/MyHush/hush3
HUSH,https://github.com/MyHush/hush
HUSH,https://github.com/MyHush/myhush.github.io
SETH,https://github.com/mware-solutions/bigconnect-web
SETH,https://github.com/mware-solutions/bigconnect
SETH,https://github.com/mware-solutions/cypher-lab
MVC,https://github.com/mvchain/cryptovault-android
MVC,https://github.com/mvchain/dyvault-surface-android
MVC,https://github.com/mvchain/cryptovault-interior-browser
MCI,https://github.com/Musiconomi/etherwallet
MCI,https://github.com/Musiconomi/EIPs
MCI,https://github.com/Musiconomi/ethereumj
MUE,https://github.com/muecoin/mue-mnemonic
MUE,https://github.com/muecoin/Raspberry-Pi-Images
MUE,https://github.com/muecoin/mueberry-pi
MTH,https://github.com/monetha/reputation-go-sdk
MTH,https://github.com/monetha/payment-layer
MTH,https://github.com/monetha/decentralized-reputation-framework
MTRC,https://github.com/ModulTrade/misc
MTRC,https://github.com/ModulTrade/documents
MTRC,https://github.com/ModulTrade/media-kit
MOBI,https://github.com/mobius-network/mobius-client-js
MOBI,https://github.com/mobius-network/wallet
MOBI,https://github.com/mobius-network/dapp-store
MBC,https://github.com/MicroBitcoinOrg/MicroBitcoin
MBC,https://github.com/MicroBitcoinOrg/CudaMiner
MBC,https://github.com/MicroBitcoinOrg/microbitcoinorg.github.io
MVP,https://github.com/Merculet/MerculetWalletBase
MVP,https://github.com/Merculet/tx-monitor
MVP,https://github.com/Merculet/UAViOSSDK
MLN,https://github.com/melonproject/exchange-aggregator
MLN,https://github.com/melonproject/monitoring
MLN,https://github.com/melonproject/melon-lab
MAZA,https://github.com/MazaCoin/MazaCoin
MAZA,https://github.com/MazaCoin/maza
MAZA,https://github.com/MazaCoin/mazacoin.org
MAN,https://github.com/MatrixAINetwork/TxSend-Sign-Demos
MAN,https://github.com/MatrixAINetwork/crosschain_contracts
MAN,https://github.com/MatrixAINetwork/MATRIX_docs
GUP,https://github.com/Matchpool/voting-system
GUP,https://github.com/Matchpool/xgup-faucet
GUP,https://github.com/Matchpool/contracts
DAI,https://github.com/makerdao/mcd-cdp-portal
DAI,https://github.com/makerdao/dai.js
DAI,https://github.com/makerdao/testchain-dss-deployment-scripts
XMG,https://github.com/magi-project/m-Noblecoin
XMG,https://github.com/magi-project/wolf-m7m-cpuminer-V2
XMG,https://github.com/magi-project/obsolete-m-cpuminer-legacy
LUN,https://github.com/Lunyr/Orbiter
LUN,https://github.com/Lunyr/Lunyr
LUN,https://github.com/Lunyr/ansible-geth
LUNES,https://github.com/Lunes-platform/Lunes_Wallet
LUNES,https://github.com/Lunes-platform/LunesPy
LUNES,https://github.com/Lunes-platform/Crypto-Liquidity-Making-Bot
LRC,https://github.com/Loopring/documentation
LRC,https://github.com/Loopring/protocol
LRC,https://github.com/Loopring/protocol2
LRN,https://github.com/Loopring/documentation
LRN,https://github.com/Loopring/protocol
LRN,https://github.com/Loopring/protocol2
LMC,https://github.com/lomocoin/react-native-geetest-sensebot
LMC,https://github.com/lomocoin/NExTouch-sdk-java
LMC,https://github.com/lomocoin/android-u2f-demo
LOC,https://github.com/LockTrip/Mobile-App
LOC,https://github.com/LockTrip/Centralized-App
LOC,https://github.com/LockTrip/Blockchain
LPT,https://github.com/livepeer/verification-classifier
LPT,https://github.com/livepeer/livepeerjs
LPT,https://github.com/livepeer/go-livepeer
LSK,https://github.com/LiskHQ/lisk
LSK,https://github.com/LiskHQ/lisk-mobile
LSK,https://github.com/LiskHQ/lisk-hub
LIKE,https://github.com/likecoin/liker-land
LIKE,https://github.com/likecoin/likecoin-wordpress
LIKE,https://github.com/likecoin/puttyimages-web
LEV,https://github.com/leverj/api
LEV,https://github.com/leverj/tradehelper
LEV,https://github.com/leverj/nginx-alpine
LEMO,https://github.com/LemoFoundationLtd/lemochain-core
LEMO,https://github.com/LemoFoundationLtd/lemochain-distribution
LEMO,https://github.com/LemoFoundationLtd/lemo-client
LTO,https://github.com/legalthings/lto-crypto
LTO,https://github.com/legalthings/lto-ui
LTO,https://github.com/legalthings/event-chain
LBC,https://github.com/lbryio/lbry
LBC,https://github.com/lbryio/lbry-desktop
LBC,https://github.com/lbryio/lbry-android
LAMB,https://github.com/LambdaIM/tendermint
LAMB,https://github.com/LambdaIM/TestNet
LAMB,https://github.com/LambdaIM/marketplace
KMD,https://github.com/KomodoPlatform/komodo
KMD,https://github.com/KomodoPlatform/agama-mobile
KMD,https://github.com/KomodoPlatform/developer-docs
PNK,https://github.com/kleros/escrow
PNK,https://github.com/kleros/uniswap-frontend
PNK,https://github.com/kleros/tokens-on-trial
KEK,https://github.com/Kekcoin-Core/memechain-api
KEK,https://github.com/Kekcoin-Core/memechain-gui
KEK,https://github.com/Kekcoin-Core/kekcoin-segwit
KRM,https://github.com/Karma-blockchain/karmachain
KRM,https://github.com/Karma-blockchain/kafka-transport
KRM,https://github.com/Karma-blockchain/kafka-listener
JSE,https://github.com/JSEcoin/server
JSE,https://github.com/JSEcoin/website
JSE,https://github.com/JSEcoin/platform
WELL,https://github.com/joinwell/factom
WELL,https://github.com/joinwell/contracts
JNT,https://github.com/jibrelnetwork/jwallet-web
JNT,https://github.com/jibrelnetwork/jibrel-contracts-jsapi
JNT,https://github.com/jibrelnetwork/jibrel-contracts
J8T,https://github.com/jet8/reward-contracts
J8T,https://github.com/jet8/wallet-contracts
J8T,https://github.com/jet8/bounty-airdrop
IVY,https://github.com/ivy-project/press
IVY,https://github.com/ivy-project/quorum
IVY,https://github.com/ivy-project/website-marketing
IOTX,https://github.com/iotexproject/iotex-explorer
IOTX,https://github.com/iotexproject/iotex-core
IOTX,https://github.com/iotexproject/iotex-client-js
IONC,https://github.com/ionchain/ionchain-wallet-android
IONC,https://github.com/ionchain/ionchain-em-frontend
IONC,https://github.com/ionchain/ionchain.org
IDT,https://github.com/investdigital/investdigital-backend
IDT,https://github.com/investdigital/explorer
IDT,https://github.com/investdigital/investdigital-www
INVE,https://github.com/intervalue/intervalue-lightnode-3.0-testnet
INVE,https://github.com/intervalue/intervalue-lightnodecore-3.0-testnet
INVE,https://github.com/intervalue/intervalue-2.0.0-testnet
INSUR,https://github.com/InsurChain/insur-core
INSUR,https://github.com/InsurChain/whitepaper
INSUR,https://github.com/InsurChain/insur-fc
INK,https://github.com/inklabsfoundation/inkchain
INK,https://github.com/inklabsfoundation/inkchain-sdk
INK,https://github.com/inklabsfoundation/inkerface-client-ios-demo
IDH,https://github.com/indahash/indaHashToken
IDH,https://github.com/indahash/php-resque
IDH,https://github.com/indahash/livespace
IFOOD,https://github.com/IFoodsChainProject/suprobe-homesite-new
IFOOD,https://github.com/IFoodsChainProject/ifood-erc20-tool
IFOOD,https://github.com/IFoodsChainProject/home-site-new
RLC,https://github.com/iExecBlockchainComputing/iexec-worker
RLC,https://github.com/iExecBlockchainComputing/iexec-common
RLC,https://github.com/iExecBlockchainComputing/iexec-core
ICX,https://github.com/icon-project/loopchain
ICX,https://github.com/icon-project/icon-service
ICX,https://github.com/icon-project/icon-sdk-js
HQT,https://github.com/hyperquant-platform/merkle_tree
HQT,https://github.com/hyperquant-platform/token-distribution-contract
HQT,https://github.com/hyperquant-platform/hyperquant-contracts
HYDRO,https://github.com/HydroBlockchain/oc-hydroraindrop-plugin
HYDRO,https://github.com/HydroBlockchain/snowflake-dashboard
HYDRO,https://github.com/HydroBlockchain/SmartContractReview
HUM,https://github.com/humanscape/blog
HUM,https://github.com/humanscape/token-profile
HUM,https://github.com/humanscape/token
HTML,https://github.com/HTMLCOIN/althash-web-platform
HTML,https://github.com/HTMLCOIN/htmlcoinjs-lib
HTML,https://github.com/HTMLCOIN/htmlcoin-explorer
HQX,https://github.com/hoqu-io/hoquplatform-eos
HQX,https://github.com/hoqu-io/hoqu-geth-api
HQX,https://github.com/hoqu-io/platform
HERC,https://github.com/HERCone/herc-in-blazorstate
HERC,https://github.com/HERCone/HercWebsite
HERC,https://github.com/HERCone/multichain-explorer
HEAT,https://github.com/Heat-Ledger-Ltd/heat-ui
HEAT,https://github.com/Heat-Ledger-Ltd/heatwallet
HEAT,https://github.com/Heat-Ledger-Ltd/heatledger
HALO,https://github.com/haloplatform/sdk
HALO,https://github.com/haloplatform/airdrop
HALO,https://github.com/haloplatform/go-haloplatform
GXC,https://github.com/gxchain/gxb-core
GXC,https://github.com/gxchain/gxchain.org
GXC,https://github.com/gxchain/gxclient-java
GXX,https://github.com/GravityCoinOfficial/GravityCoin
GXX,https://github.com/GravityCoinOfficial/yiimp
GRFT,https://github.com/graft-project/DesignDocuments
GRFT,https://github.com/graft-project/GraftTools
GRFT,https://github.com/graft-project/GraftNetwork
GOLOS,https://github.com/GolosChain/core-service
GOLOS,https://github.com/GolosChain/facade-service
GOLOS,https://github.com/GolosChain/notify-service
MNTP,https://github.com/Goldmint/gm-web-cab
MNTP,https://github.com/Goldmint/gm-dapp
MNTP,https://github.com/Goldmint/SumusMetamask
GLC,https://github.com/goldcoin/goldcoin
GLC,https://github.com/goldcoin/goldcoin-0.7.5
GLC,https://github.com/goldcoin/wiki
HELP,https://github.com/GoHelpFund/aden
HELP,https://github.com/GoHelpFund/insight-ui
HELP,https://github.com/GoHelpFund/insight-api
LML,https://github.com/GNYIO/gny-dist
LML,https://github.com/GNYIO/GNYPLUGIN
LML,https://github.com/GNYIO/gny-token
GLA,https://github.com/gladiusio/legion
GLA,https://github.com/gladiusio/gladius-masternode
GLA,https://github.com/gladiusio/gladius-service-worker
DOCK,https://github.com/getdock/plasma-cash-contracts
DOCK,https://github.com/getdock/dev-configs
DOCK,https://github.com/getdock/pptr-mock-server
GNX,https://github.com/GenaroNetwork/GenaroCore
GNX,https://github.com/GenaroNetwork/genaro-wallet
GNX,https://github.com/GenaroNetwork/RandomFaas
GAP,https://github.com/gapcoin/gapcoin
GAP,https://github.com/gapcoin/GapMiner
GAP,https://github.com/gapcoin/Gapcoin-PoWCore
FLP,https://github.com/gameflip/gfapi
FLP,https://github.com/gameflip/tokensale
GAME,https://github.com/gamecredits-project/GameCredits
GAME,https://github.com/gamecredits-project/block-exploder-ui
GAME,https://github.com/gamecredits-project/gamejs-lib
FTXT,https://github.com/futuraxproject/tokenbase
FTXT,https://github.com/futuraxproject/eth-contract-metadata
FTXT,https://github.com/futuraxproject/token-profile
FSN,https://github.com/FUSIONFoundation/efsn
FSN,https://github.com/FUSIONFoundation/PurchaseTicket
FSN,https://github.com/FUSIONFoundation/PSNBlockExplorer
FND,https://github.com/FundRequest/vesting-wallets
FND,https://github.com/FundRequest/platform
FND,https://github.com/FundRequest/keycloak-build
FTN,https://github.com/FountainHub/Fountain-Whitepaper
FTN,https://github.com/FountainHub/FTN-Token-ERC20
FMF,https://github.com/FormosaFinancial/BitGoJS
FMF,https://github.com/FormosaFinancial/cors-anywhere
FMF,https://github.com/FormosaFinancial/ccxt
FLDC,https://github.com/FoldingCoin/StatsDownloadDotNet
FLDC,https://github.com/FoldingCoin/FLDCBot
FLDC,https://github.com/FoldingCoin/FindFAHUsernameMaxLength
FOAM,https://github.com/f-o-a-m/hs-web3
FOAM,https://github.com/f-o-a-m/chanterelle
FOAM,https://github.com/f-o-a-m/purescript-web3-tests
FYP,https://github.com/flypme/flypme-instructions
FYP,https://github.com/flypme/flypme-contracts
FLC,https://github.com/flowchain/flowchain-hybrid
FLC,https://github.com/flowchain/blockchain-starter-kit
FLC,https://github.com/flowchain/crypto-night
FLASH,https://github.com/flash-coin/official-website
FLASH,https://github.com/flash-coin/paperwallet
FLASH,https://github.com/flash-coin/flash-fullnode
FTX,https://github.com/FintruX/contracts
FTX,https://github.com/FintruX/prototype
FTX,https://github.com/FintruX/etherwallet
FET,https://github.com/fetchai/tutorial-aea-weatherstation
FET,https://github.com/fetchai/ledger-api-py
FET,https://github.com/fetchai/ledger
FTM,https://github.com/Fantom-foundation/go-lachesis
FTM,https://github.com/Fantom-foundation/lachesis-rs
FTM,https://github.com/Fantom-foundation/FIPs
FCT,https://github.com/FactomProject/universal-resolver
FCT,https://github.com/FactomProject/factomd
FCT,https://github.com/FactomProject/factom
EZT,https://github.com/ezpos/eztoken-contract
EXY,https://github.com/Experty/react-native-push-notification
EXY,https://github.com/Experty/react-native-volume-slider
EXY,https://github.com/Experty/react-native-callkit
XUC,https://github.com/ExchangeUnion/xud
XUC,https://github.com/ExchangeUnion/xud-simulation
XUC,https://github.com/ExchangeUnion/xud-box
IQ,https://github.com/EveripediaNetwork/backend-api
IQ,https://github.com/EveripediaNetwork/Everipedia
IQ,https://github.com/EveripediaNetwork/wtf_wikipedia
ETZ,https://github.com/etherzero-org/go-etherzero
ETZ,https://github.com/etherzero-org/explorer
ETZ,https://github.com/etherzero-org/EasyETZ-ios
ESZ,https://github.com/EtherSportz/ESZCoin
ESZ,https://github.com/EtherSportz/Contracts
FUEL,https://github.com/etherparty/docusign
FUEL,https://github.com/etherparty/digitalocean-cloud-controller-manager
FUEL,https://github.com/etherparty/eth-smart-contracts
CLO,https://github.com/EthereumCommonwealth/Auditing
CLO,https://github.com/EthereumCommonwealth/Callisto-Website
CLO,https://github.com/EthereumCommonwealth/go-callisto
ETH,https://github.com/ethereum/solidity-test-bytecode
ETH,https://github.com/ethereum/evmc
ETH,https://github.com/ethereum/remix-ide
ETHO,https://github.com/Ether1Project/governance-dashboard
ETHO,https://github.com/Ether1Project/explorer
ETHO,https://github.com/Ether1Project/Ether1
ESS,https://github.com/essentiaone/essx-node
ESS,https://github.com/essentiaone/Essentia-iOS
ESS,https://github.com/essentiaone/crypto-django
ERY,https://github.com/Eryllium/wallet
ERY,https://github.com/Eryllium/project
ERO,https://github.com/eroscoin/eroscoin-token
ERO,https://github.com/eroscoin/ero-mighty-wallet
ERO,https://github.com/eroscoin/block-explorer
EOS,https://github.com/EOSIO/slips
EOS,https://github.com/EOSIO/eos
EOS,https://github.com/EOSIO/eosio.forum
EOSDAC,https://github.com/eosdac/eosdacio-website
EOSDAC,https://github.com/eosdac/memberclient
EOSDAC,https://github.com/eosdac/memberclient_extension
ENG,https://github.com/enigmampc/enigma-p2p
ENG,https://github.com/enigmampc/enigma-core
ENG,https://github.com/enigmampc/enigma-contract
NRG,https://github.com/energicryptocurrency/energi
NRG,https://github.com/energicryptocurrency/explorer
NRG,https://github.com/energicryptocurrency/node-merged-pool
EMC,https://github.com/emercoin/emercoin
EMC,https://github.com/emercoin/docs
EMC,https://github.com/emercoin/EmerCert
ELTCOIN,https://github.com/eltcoin/eltwallet
ELTCOIN,https://github.com/eltcoin/website
ELTCOIN,https://github.com/eltcoin/ELTBOT
ELLA,https://github.com/ellaism/ellaism.org
ELLA,https://github.com/ellaism/wiki
ELLA,https://github.com/ellaism/meta
EFL,https://github.com/Electronic-Gulden-Foundation/website-2017-
EFL,https://github.com/Electronic-Gulden-Foundation/announcement
EFL,https://github.com/Electronic-Gulden-Foundation/ROT
ECA,https://github.com/Electra-project/electra-core
ECA,https://github.com/Electra-project/Electra-Media-Kit
ECA,https://github.com/Electra-project/Electra-Whitepaper
ELA,https://github.com/elastos/Elastos.ELA.SPV.Cpp
ELA,https://github.com/elastos/Elastos.ELA
ELA,https://github.com/elastos/Elastos.NET.Hive.Native.SDK
EDG,https://github.com/edgeless-casino/smart-contracts
EDG,https://github.com/edgeless-casino/art
EDG,https://github.com/edgeless-casino/2018-ny-jackpot
EKO,https://github.com/EchoLinkTech/EchoLinkCoreService-Business
EKO,https://github.com/EchoLinkTech/EchoLinkPlatform
EKO,https://github.com/EchoLinkTech/EchoLinkCoreService-SingleUser
DYN,https://github.com/duality-solutions/p-share-ui
DYN,https://github.com/duality-solutions/Dynamic
DYN,https://github.com/duality-solutions/libbdaptorrent
SEQ,https://github.com/duality-solutions/p-share-ui
SEQ,https://github.com/duality-solutions/Dynamic
SEQ,https://github.com/duality-solutions/libbdaptorrent
DOGEC,https://github.com/dogecash/dogecash
DOGEC,https://github.com/dogecash/dogecash-explorer
DOGEC,https://github.com/dogecash/dogecash-desktop
DP,https://github.com/DigitalPrice/DigitalPrice
DP,https://github.com/DigitalPrice/masternode-script
DP,https://github.com/DigitalPrice/digitalprice.org
XDN,https://github.com/DigitalNoteXDN/digitalnote
XDN,https://github.com/DigitalNoteXDN/DigitalNote-1
XDN,https://github.com/DigitalNoteXDN/digitalnotewallet
DGB,https://github.com/digibyte/digibyte
EVE,https://github.com/devery/deveryjs
EVE,https://github.com/devery/deveryExplorer
EVE,https://github.com/devery/devery_contracts
DPY,https://github.com/DelphyProject/delphy_h5
DPY,https://github.com/DelphyProject/DelphyTutorial
DPY,https://github.com/DelphyProject/delphy-contracts
DCR,https://github.com/decred/politeiagui
DCR,https://github.com/decred/dcrd
DCR,https://github.com/decred/dcrdata
DCT,https://github.com/DECENTfoundation/DECENT-Network
DCT,https://github.com/DECENTfoundation/DCorePHP-SDK
DCT,https://github.com/DECENTfoundation/DCoreSwift-SDK
DEB,https://github.com/debitum/ico-contracts
DEB,https://github.com/debitum/UltimateICOCalendar
DEB,https://github.com/debitum/contracts
DTX,https://github.com/DataBrokerDAO/databrokerdao-data-gateway
DTX,https://github.com/DataBrokerDAO/databrokerdao-custom-dapi
DTX,https://github.com/DataBrokerDAO/databrokerdao-dapp
GEN,https://github.com/daostack/client
GEN,https://github.com/daostack/alchemy
GEN,https://github.com/daostack/migration
CTRT,https://github.com/cryptrusten/token-profile
C20,https://github.com/cryptotwenty/c20-withdraw-dapp
C20,https://github.com/cryptotwenty/smartcontracts
CPT,https://github.com/Cryptaur/DepositoryTransparentEconomy
CPT,https://github.com/Cryptaur/cryptaur-eth-queue
CPT,https://github.com/Cryptaur/cryptaur-minecraft
WIZ,https://github.com/CrowdWiz-io/WIZ
COVA,https://github.com/covalent-hq/cova-core
COVA,https://github.com/covalent-hq/bigchaindb-setup
COVA,https://github.com/covalent-hq/secret-sharing-ng
XCP,https://github.com/CounterpartyXCP/gosqliteproxy
XCP,https://github.com/CounterpartyXCP/indexd-server
XCP,https://github.com/CounterpartyXCP/counterparty-lib
COT,https://github.com/CoTraderCore/COT-Fund-Bank
COT,https://github.com/CoTraderCore/Finish-SmartBank-Rebalance-UnitTests
COT,https://github.com/CoTraderCore/SmartEscrow
XTL,https://github.com/contribute-torque/Torque
XTL,https://github.com/contribute-torque/xtc-nodejs-pool
XTL,https://github.com/contribute-torque/TorqueGUI
CBT,https://github.com/commerceblock/ocean
CBT,https://github.com/commerceblock/mainstay
CBT,https://github.com/commerceblock/cb-client-wallet
CNN,https://github.com/cnntoken/CoinMoon
CNN,https://github.com/cnntoken/NewsDog-CNN
CNN,https://github.com/cnntoken/CNNApplication
CLB,https://github.com/Cloudbric-Project/Cloudbric-Contracts
CLB,https://github.com/Cloudbric-Project/ethereum-lists
XCLR,https://github.com/clearcoin/extension
XCLR,https://github.com/clearcoin/tx-monitor
XCLR,https://github.com/clearcoin/reagent
DAY,https://github.com/chronologic/automate-ui
DAY,https://github.com/chronologic/automate-api
DAY,https://github.com/chronologic/suitcase
CHEESE,https://github.com/CheeseCoin/CheeseMasternode
TNT,https://github.com/chainpoint/chainpoint-node-src
TNT,https://github.com/chainpoint/chainpoint-client-js
TNT,https://github.com/chainpoint/chainpoint-cli
CHC,https://github.com/chaincoin/explorer-web-frontend
CHC,https://github.com/chaincoin/chaincoin
CHC,https://github.com/chaincoin/proposal
CEL,https://github.com/CelsiusNetwork/celsius-app
CEL,https://github.com/CelsiusNetwork/celsius-js-sdk
CEL,https://github.com/CelsiusNetwork/EthereumNodeProxyViaAuth0
CV,https://github.com/carVertical/stake-discount
CV,https://github.com/carVertical/token-burn
CV,https://github.com/carVertical/nodejs-lambda-boilerplate
CTX,https://github.com/CarTaxiico/etherwallet
CTX,https://github.com/CarTaxiico/ico
CTX,https://github.com/CarTaxiico/PresaleToken
C8,https://github.com/CarboneumProject/relay
C8,https://github.com/CarboneumProject/relay-dex
C8,https://github.com/CarboneumProject/idex-mock-server
CAR,https://github.com/carblock-io/IPFS-Mobile-JS
CAR,https://github.com/carblock-io/zerodb-afgh-pre
CAR,https://github.com/carblock-io/zerodb
CDN,https://github.com/Canada-eCoin/cdn-bitcore-lib
CDN,https://github.com/Canada-eCoin/cdn-price-api
CDN,https://github.com/Canada-eCoin/Canada-eCoin-qt
GBYTE,https://github.com/byteball/sports-oracle
GBYTE,https://github.com/byteball/headless-obyte
GBYTE,https://github.com/byteball/obyte-gui-wallet
BCAC,https://github.com/BusinessCredit/token-profile
BCAC,https://github.com/BusinessCredit/wallet
BCAC,https://github.com/BusinessCredit/MyCryptos
BU,https://github.com/bumoproject/bumo-docs-cn
BU,https://github.com/bumoproject/bumo-docs-en
BU,https://github.com/bumoproject/bumo-sdk-php
BWK,https://github.com/bulwark-crypto/bulwarkj
BWK,https://github.com/bulwark-crypto/bulwark-explorer
BWK,https://github.com/bulwark-crypto/Bulwark
BBK,https://github.com/brickblock-io/smart-contracts
BBK,https://github.com/brickblock-io/bbk-deploy
BBK,https://github.com/brickblock-io/employee-handbook
BRM,https://github.com/BrahmaOS/BrahmaWallet
BRM,https://github.com/BrahmaOS/brahmaos-packages-apps-BrahmaWallet
BRM,https://github.com/BrahmaOS/brahmaos-packages-apps-Contacts
BOX,https://github.com/BOXFoundation/boxd
BOX,https://github.com/BOXFoundation/box-token
BOX,https://github.com/BOXFoundation/bch-wallet
BNTY,https://github.com/bounty0x/RewardCSVs
BNTY,https://github.com/bounty0x/StakingContract
BNTY,https://github.com/bounty0x/TelegramBots
BTO,https://github.com/bottos-project/bottos
BTO,https://github.com/bottos-project/Documentation
BTO,https://github.com/bottos-project/bottos-php-msgpack
BORA,https://github.com/boraecosystem/bora-tools
BORA,https://github.com/boraecosystem/explorer-crawler
BORA,https://github.com/boraecosystem/bmttool
BOE,https://github.com/bodhiproject/bodhi-ethereum
BOE,https://github.com/bodhiproject/bodhi-ui
BOE,https://github.com/bodhiproject/trust-wallet-ios
BWX,https://github.com/BlueWhaleFoundation/SplashViews
BWX,https://github.com/BlueWhaleFoundation/ERC20
BWX,https://github.com/BlueWhaleFoundation/bluewhale.foundation
BPT,https://github.com/Blockport/tokensale
BPL,https://github.com/blockpool-io/BPL-node
BPL,https://github.com/blockpool-io/explorer-3.0
BPL,https://github.com/blockpool-io/BPL-Commander
BLOCK,https://github.com/BlocknetDX/dxmakerbot
BLOCK,https://github.com/BlocknetDX/blocknet
BLOCK,https://github.com/BlocknetDX/blockchain-configuration-files
GCS,https://github.com/blockchaingame/gc
DTA,https://github.com/BlockchainDATA/Data_wallet
DTA,https://github.com/BlockchainDATA/M3
DTA,https://github.com/BlockchainDATA/ice4j
ARY,https://github.com/blockarraygroup/ethql
ARY,https://github.com/blockarraygroup/ERC1400
ARY,https://github.com/blockarraygroup/EthereumRegistrationAuthority
XBP,https://github.com/blitzpredict/eth-contract-metadata
XBP,https://github.com/blitzpredict/HoshoCon
XBP,https://github.com/blitzpredict/xbptoken
PPT,https://github.com/bitpopulous/exchange-smartcontracts
PPT,https://github.com/bitpopulous/populous-smartcontracts
PPT,https://github.com/bitpopulous/BI-reviews
XPAT,https://github.com/Bit-Nation/BITNATION-Pangea-mobile
XPAT,https://github.com/Bit-Nation/Pangea-Docs
XPAT,https://github.com/Bit-Nation/BITNATION-Pangea-Desktop-Unity
PLAT,https://github.com/BitGuildPlatform/tronsr-template
PLAT,https://github.com/BitGuildPlatform/Contracts
PLAT,https://github.com/BitGuildPlatform/composables-998
BCV,https://github.com/bitcv/bitcv-saas
BCV,https://github.com/bitcv/openPlatform
BCV,https://github.com/bitcv/bitcv-web
BTC,https://github.com/bitcoin/bitcoin
BTC,https://github.com/bitcoin/bips
BTC,https://github.com/bitcoin/libblkmaker
BBO,https://github.com/bigbomio/charts
BBO,https://github.com/bigbomio/hodl
BBO,https://github.com/bigbomio/digital-contracts
BETHER,https://github.com/bethereumproject/gaming
BETHER,https://github.com/bethereumproject/bethereum-lottery
BETHER,https://github.com/bethereumproject/telegram-global-bot
BBS,https://github.com/bbscoin/bbs-money-i18n
BBS,https://github.com/bbscoin/bbscoin-xyz-i18n
BBS,https://github.com/bbscoin/jscoinminer-i18n
BKX,https://github.com/BANKEX/security-token
BKX,https://github.com/BANKEX/web3swift
BKX,https://github.com/BANKEX/BulletproofJS
MET,https://github.com/autonomoussoftware/metronome-contracts-js
MET,https://github.com/autonomoussoftware/ethereum-transaction-indexer
MET,https://github.com/autonomoussoftware/metronome-wallet-mobile
AUC,https://github.com/AuctusProject/Site
AUC,https://github.com/AuctusProject/Android-Mobile
AUC,https://github.com/AuctusProject/Beta
ATMI,https://github.com/atonomi/docs
ATMI,https://github.com/atonomi/smart-contracts
ATMI,https://github.com/atonomi/device-sdk
AWC,https://github.com/Atomicwallet/atomicwallet.github.io
AWC,https://github.com/Atomicwallet/tronscan-node-client
AWC,https://github.com/Atomicwallet/mymonero-core-js
ATN,https://github.com/ATNIO/explorer_web
ATN,https://github.com/ATNIO/ccxt
ATN,https://github.com/ATNIO/white_paper
ATP,https://github.com/AtlasProtocol/ATP
ATP,https://github.com/AtlasProtocol/hubble
ATL,https://github.com/AtlantPlatform/homebrew-Apps
ATL,https://github.com/AtlantPlatform/ethereum-playbook
ATL,https://github.com/AtlantPlatform/codecrumbs-go
ATH,https://github.com/atheioschain/go-atheios
ATH,https://github.com/atheioschain/documents
ATH,https://github.com/atheioschain/logos
XAS,https://github.com/AschPlatform/asch-core
XAS,https://github.com/AschPlatform/create-asch-contract
XAS,https://github.com/AschPlatform/asch-web
ARK,https://github.com/ArkEcosystem/docs
ARK,https://github.com/ArkEcosystem/mobile-wallet
ARK,https://github.com/ArkEcosystem/core
ARG,https://github.com/argentumproject/edge-react-gui
ARG,https://github.com/argentumproject/edge-currency-bitcoin
ARG,https://github.com/argentumproject/electrum-arg
APR,https://github.com/APRCoin/zenith-repository
APR,https://github.com/APRCoin/PIVX
ANON,https://github.com/anonymousbitcoin/anon
ANON,https://github.com/anonymousbitcoin/proposal-generator
ANON,https://github.com/anonymousbitcoin/anonpaperwallet
ANKR,https://github.com/Ankr-network/dccn-daemon
ANKR,https://github.com/Ankr-network/dccn-common
ANKR,https://github.com/Ankr-network/dccn-hub
AMN,https://github.com/amontech/amon-lib
AMN,https://github.com/amontech/eos-hackathon
AMN,https://github.com/amontech/https-proxy
AMB,https://github.com/ambrosus/react-components
AMB,https://github.com/ambrosus/sdk-ios
AMB,https://github.com/ambrosus/ambrosus-node-contracts
ALIS,https://github.com/AlisProject/frontend-application
ALIS,https://github.com/AlisProject/welcome
ALIS,https://github.com/AlisProject/serverless-edge
AST,https://github.com/airswap/dexprices-service
AST,https://github.com/airswap/contracts
AST,https://github.com/airswap/auto-remediate
AION,https://github.com/aionnetwork/aionr
AION,https://github.com/aionnetwork/AVM
AION,https://github.com/aionnetwork/aion
ADK,https://github.com/AidosKuneen/akwallet
ADK,https://github.com/AidosKuneen/aknode
ADK,https://github.com/AidosKuneen/whitepaper
DLT,https://github.com/Agrello/Delta-Contracts-API
DLT,https://github.com/Agrello/MyEtherWalletDLT
AE,https://github.com/aeternity/aepp-base
AE,https://github.com/aeternity/infrastructure
AE,https://github.com/aeternity/aepp-playground
ELF,https://github.com/AElfProject/AElf
ELF,https://github.com/AElfProject/aelf-block-explorer
ELF,https://github.com/AElfProject/contract-plugin
ADI,https://github.com/aditus/bip39
ADI,https://github.com/aditus/aditus-website
ADI,https://github.com/aditus/aditus-pay-technology-primer
ADX,https://github.com/AdExNetwork/adex-validator-stack-js
ADX,https://github.com/AdExNetwork/adex-models
ADX,https://github.com/AdExNetwork/adex-protocol-eth
ADM,https://github.com/Adamant-im/adamant-android
ADM,https://github.com/Adamant-im/adamant-fcm-notification-service
ADM,https://github.com/Adamant-im/adamant-im
AAC,https://github.com/AcuteAngleCloud/Acute-Angle-Chain
AAC,https://github.com/AcuteAngleCloud/AcuteAngleCoin
RTB,https://github.com/AB-CHAIN-com/ab-chain_smart_contracts
1WO,https://github.com/1World-Online/1WO-token-contract
ZRX,https://github.com/0xProject/0x-starter-project
ZRX,https://github.com/0xProject/0x-monorepo
ZRX,https://github.com/0xProject/wiki
ZXC,https://github.com/0xcert/framework
ZXC,https://github.com/0xcert/nonfungiblealliance-www
ZXC,https://github.com/0xcert/ethereum-erc721
MEOW,https://www.github.com/kittehcoin/kittehcoin
XBTC21,https://www.github.com/bitcoin21/v1.0
ZUR,https://github.com/zurcoin/zurcoin
MAY,https://github.com/ZuluFourM1ke/TheresaMayCoin-v1.0.1.0
ZZC,https://github.com/ZoZoCoin/ZoZo-blockchain
ZBA,https://github.com/zoombacoin/zoomba
ZET,https://github.com/zetacoin/zetacoin
ZNT,https://github.com/zenswapnetwork/ZenswapNetwork
ZENI,https://github.com/zennies/zennies
ZEL,https://github.com/zelcash/zelcash
ZEIT,https://github.com/zeitcoin/zeitcoin
NZL,https://github.com/zealiumcoin/Zealium/
XZC,https://github.com/zcoinofficial/zcoin/
ZCL,https://github.com/ZClassicCommunity/zclassic
ZEC,https://github.com/zcash/zcash
WBC,https://github.com/Zayphr/WalletBuildersCoin
ZYD,https://github.com/ZayedCoin/Zayedcoin
VEO,https://github.com/zack-bitcoin/amoveo/
YUKI,https://github.com/YUKIproject/token/
YLC,https://github.com/YOLOCASH/YoloCash-YLC-ERC20-Smart-Contract
YES,https://github.com/yescoindev/yes/
YTN,https://github.com/yentencoin/yenten
YEE,https://github.com/yeeco/gyee
SH,https://github.com/yavwa/Shilling
YAC,https://github.com/yacoin/yacoin/releases
XYLO,https://github.com/xylocoin/xylo
XPC,https://github.com/xpc-wg/xpchain
XMO,https://github.com/XmanXU/monero
XDNA,https://github.com/XDNA-Core/XDNA
XAUR,https://github.com/XaurumTeam/XaurumOnEthereum
X8X,https://github.com/x8currency-project/x8CurrencySmartContracts
X2,https://github.com/X2Team2017/X2
X12,https://github.com/x12project/x12-core
WYS,https://github.com/wysker/token-sale
WXC,https://github.com/wxcoins/wxc-src
TRI,https://github.com/wurstgelee/triangles
BLZ,https://github.com/wpstudio/blazecoin
WT,https://github.com/World-WiFi/deal-referral-contract
WOMEN,https://github.com/womencoin/womencoin
WSP,https://github.com/WisprProject/core
WINK,https://github.com/winkchain/wink
WC,https://github.com/Wincoinofficial/wincoin
Q2C,https://github.com/willowrose/QubitCoin
NLX,https://github.com/white92d15b7/GPU-Coin
WEX,https://github.com/wexcoinofficial/wexcoin/
WPR,https://github.com/WePowerNetwork/wepower-contracts
WMC,https://github.com/wemcoin/wmcoin/
WARP,https://github.com/warpcoin/warp
PHS,https://github.com/VladK75/philosopherstone
VIVO,https://github.com/vivocoin/vivo/
VIVID,https://github.com/vividplatform/vividcoin
VITES,https://github.com/viteseco/Vites
FRD,https://github.com/VirtueFintech/FaradCryptoken
VSYS,https://github.com/virtualeconomy/v-systems
VUC,https://github.com/virtauniquecoin/virtauniquecoin-master
XVP,https://github.com/virtacoinplus/virtacoinplus
VTA,https://github.com/virtacoin/VirtaCoinProject
VIPS,https://github.com/VIPSTARCOIN/VIPSTARCOIN
VIN,https://github.com/VinChain/VINchain-blockchain
VIKKY,https://github.com/vikkyteam/vikkyico
VIEW,https://github.com/Viewly/token-contracts
VIA,https://github.com/viacoin/viacoin
VZT,https://github.com/Vezt/Vezt
XRY,https://github.com/Vetro7/RoyaltiesCLI/
VTC,https://github.com/vertcoin/vertcoin
VRC,https://github.com/vericoin/vericoin
VEC2,https://github.com/vectorcoindev/Vector
VTHO,https://github.com/vechain/thor
CORG,https://github.com/vashshawn/CorgicoinV2
VPRC,https://github.com/vaperscoin/vaperscoin
USDE,https://github.com/usde-project/USDE
UR,https://github.com/ur-technology/go-ur
NPLC,https://github.com/upxide/NPLC/
UPX,https://github.com/uPlexa/uplexa
UNO,https://github.com/unobtanium-official/Unobtanium
UIS,https://github.com/unitusdev/unitus
UTT,https://github.com/UnitedTraders/uttoken
UNIT,https://github.com/unitcurrency/unitcurrency/
UUU,https://github.com/U-Network/unetwork
UT,https://github.com/UlordChain/UlordChain
ULA,https://github.com/UlaTechGroup/UlatechGroup
UBQ,https://github.com/ubiq/go-ubiq
UBC,https://github.com/ubcoin/ubcoin
TRTL,https://github.com/turtlecoin/turtlecoin
TTC,https://github.com/TTCECO/ico_smart_contract
TGAME,https://github.com/truegame/truegame-contracts
DAS,https://github.com/Truckman83/DAS
TRICK,https://github.com/TrickyCoin/trickycoin
TX,https://github.com/transferdev/Transfercoin/
TRAID,https://github.com/TraidPlatform/traidcoin
TIOX,https://github.com/trade-io/Tradeio-TokenSale-Contract
TOS,https://github.com/TOSIO/tos
VOT,https://github.com/Tomas-M/VoteCoin
TOKC,https://github.com/tokyocoindev/tokyocoinsrc
ACE,https://github.com/token-stars/ace-token
DOV,https://github.com/TokenMarketNet/ico
TDS,https://github.com/TokeDesk/TDS
TODAY,https://github.com/todayimage/todayimage-source
TOA,https://github.com/toacoin/TOA
TIG,https://github.com/tigertoken/tigereum
WSD,https://github.com/thewhitecompany/whitestandard
XVE,https://github.com/theveganinitiative/xve
SUP,https://github.com/TheSuperiorCoin/TheSuperiorCoin
SPORT,https://github.com/thesportscoin/SPORT-source
GIM,https://github.com/thegimliproject/GimliToken
FUNK,https://github.com/The-Cypherfunks/The-Cypherfunks
PLACO,https://github.com/TheCryptoServices/PlayerCoin
TES,https://github.com/TeslacoinFoundation/TeslacoinCore
TENA,https://github.com/tenaprotocol/contract
TEMCO,https://github.com/temcolabs/token
DASC,https://github.com/techsolutions-ltd/dascoin-blockchain
FIRE,https://github.com/techcoincommunity/firecoin/releases
TEAM,https://github.com/teamupdev/teamup/
XNG,https://github.com/TeamIntellect/enigmacoin
BITB,https://github.com/TeamBitBean/bitbean-core
TCC,https://github.com/tcc-world/go-tcc
XTO,https://github.com/taoblockchain/tao-core
AGVC,https://github.com/tanogedler/agavecoin
TALAO,https://github.com/TalaoDAO/marketplace
TAJ,https://github.com/Taj-Coin/tajcoin
TAGR,https://github.com/tagrdev/tagrcoin
SWING,https://github.com/SwingCoin/Swing/
SUMO,https://github.com/sumoprojects/sumokoin
CV2,https://github.com/Sudo23/ColossusCoin2
SHND,https://github.com/stronghands/stronghands
STORM,https://github.com/StormX-Inc/crowdsale
STQ,https://github.com/Storiqa/ico_smart_contract
STCN,https://github.com/stkcn/stakecoin
STEEP,https://github.com/Steepdev/SteepCoin
SBD,https://github.com/steemit/steem
STEEM,https://github.com/steemit/steem
XST,https://github.com/StealthSend/Stealth/
LABX,https://github.com/StakingLab/stakinglab/releases
ZNE,https://github.com/St4yInTh3D4rk/Zonecoin
SPRTS,https://github.com/sprouts-coin-org/sprouts
SPR,https://github.com/spreadcoin/spreadcoin
MCT,https://github.com/Splyse/MCT
SMS,https://github.com/Speed-Mining/SMSCoin
XSM,https://github.com/Spectrumcash/Spectrum-Coin
BUB,https://github.com/spayse/Bubble/
SOOM,https://github.com/soom-4th-blockchain/soom-core
SONIQ,https://github.com/soniqproject/smart-contracts
SOJ,https://github.com/sojournagain/Sojourn-1.3
SOIL,https://github.com/Soilcoin/SOILsafe/
SOCC,https://github.com/SocialCoinNetwk/SocialCoin
XSG,https://github.com/Snowgem/Snowgem
SNPC,https://github.com/Snapparazzi/SnapCoin
SLT,https://github.com/Smartlands-Platform/SLT
LINK,https://github.com/smartcontractkit/chainlink
SMART,https://github.com/SmartCash/Core-Smart
SHB,https://github.com/SkyHuBs/skyhub/
USC,https://github.com/SilentTrader/UltimateSecureCash
SNTR,https://github.com/SilentNotary/ICO-SN
SZC,https://github.com/shopzcoin/shopzcoin
LIR,https://github.com/shogdite/letitride
XSH,https://github.com/ShieldCoin/SHIELD
SHARD,https://github.com/ShardcoinRepo/shard/
SXC,https://github.com/sexcoin-project/sexcoin
KRB,https://github.com/seredat/karbowanec
SEM,https://github.com/semuxproject/semux-core
SLFI,https://github.com/selfiecoin/slfi
SC2,https://github.com/SecureCloudCoin/securecloudcoin
SDA,https://github.com/SDChain/SDChain-Core
SCRIV,https://github.com/ScrivNetwork/scriv
GPL,https://github.com/scificrypto/Gold-Pressed-Latinum
SWC,https://github.com/Scanetchain/Scanetchain-ERC20-Token
UNIFY,https://github.com/SBDomains/unify-source
SNO,https://github.com/savenode/SaveNodeCore/
BIOB,https://github.com/sassafrasstubby/BioBar
MCW,https://github.com/salamtura/mcw-token
SAGA,https://github.com/sagacrypto/SagaCoin
SINS,https://github.com/SafeInsure/sins-coin
SAC,https://github.com/sacoin/Sacoin
RYO,https://github.com/ryo-currency/ryo-currency
RUP,https://github.com/rupeedigitalassets/Rupee-Core
RUPX,https://github.com/rupaya-project/rupx
RBMC,https://github.com/rubexmoney18/coin
RRC,https://github.com/RRNCIO/RRChain
RPI,https://github.com/rpicoin/rpicore.git
ROOFS,https://github.com/roofsdev/roofs
ROCO,https://github.com/ROIyalCoin/ROIyalCoin
RIC,https://github.com/riecoin/riecoin
XRE,https://github.com/RevolverCoin/revolvercoin
RNS,https://github.com/RenosCoin/RenosCoin/
CROWD,https://github.com/REIDAO/crowdvilla-token-sale
REGA,https://github.com/REGAcoin/REGA/
RDD,https://github.com/reddcoin-project/reddcoin
RED,https://github.com/redcoinproject/redcoin
RCD,https://github.com/recordfoundation/record-token-contract
MOC,https://github.com/realityreflection/MossCoin
BWS,https://github.com/raymaker/bitcoinwspectrum
RVN,https://github.com/RavenProject/Ravencoin
XRA,https://github.com/RateCoinXRA/ratecoin/
RDN,https://github.com/raiden-network/raiden/
RAGNA,https://github.com/ragnaproject/Ragnarok
QUSD,https://github.com/qusd/qusd
QTL,https://github.com/quatloos/quatloo
QAC,https://github.com/quasarcoin/quasar
QRK,https://github.com/quark-project/quark/releases/
BTQ,https://github.com/quark-project/quark/
QNT,https://github.com/quantnetwork/eth-contract-metadata
QUAN,https://github.com/QuantisDev/QuantisNet-Fork-New-Chain
QTUM,https://github.com/qtumproject/qtum/
QORA,https://github.com/Qoracoin/Qora
PWR,https://github.com/PWRcoin/PWRcoin
VIDZ,https://github.com/purevidz/vidzcoin
PMA,https://github.com/pumapayio/pumapay-token
WYV,https://github.com/protinam/wyvern
PGL,https://github.com/ProspectorsWorld/Prospectors
ITZ,https://github.com/projectinterzone/ITZ
PRJ,https://github.com/projectcoincore/ProjectCoin
PZM,https://github.com/prizmspace/PrizmCore
PRIV,https://github.com/privcycoin/privcy
PRTX,https://github.com/Printex-official/printex-core/
PRX,https://github.com/Printerium/Printerium-project
XPM,https://github.com/primecoin/primecoin/
UTC,https://github.com/presstab/ultracoin-2
PSM,https://github.com/PRASM-Network/PRASM
POST,https://github.com/PostCoinDevelopers/PostCoin/
POLIS,https://github.com/polispay/polis
POKE,https://github.com/PokeCoinDev/pokecoin
PLUS1,https://github.com/plusonecoin/plusonecoin
PLNC,https://github.com/plncoin/PLNcoin_Core
MAD,https://github.com/playpossat/blocksattime
PKT,https://github.com/Playkey/ico-contracts
PIGGY,https://github.com/piggycoin/newpiggycoin
TELOS,https://github.com/phoenixkonsole/transcendence
PNX,https://github.com/phantomxdev/phantomx
PWV,https://github.com/peoplewave-ico/wavebase
PCO,https://github.com/pecunio-official/pco-token
PCL,https://github.com/Peculium-Dev/PCLToken
PAYP,https://github.com/paypeer/paypeer
PAX,https://github.com/paxosglobal/pax-contracts
PAXEX,https://github.com/paxex/Paxex
PASC,https://github.com/PascalCoin/PascalCoin
PRG,https://github.com/paragon-coin/token
DSH,https://github.com/papaLazzarou/dashcoin
PNDM,https://github.com/pandemiacoin/pandemia/
XCN,https://github.com/pallas1/Cryptonite/
PAK,https://github.com/pakcoin-project/pakcoin/
OXY,https://github.com/oxycoin/
OXY[OLD],https://github.com/oxycoin/
OWN,https://github.com/owndata/owndata-token
OUR,https://github.com/ourcoin1/OurCoin
OS76,https://github.com/OS76/OSMIUMCOIN_OS76
SLR,https://github.com/onsightit/solarcoin
OLT,https://github.com/Oneledger/OLT
OMEN,https://github.com/omencoin/omencoin
OK,https://github.com/okcashpro/okcash
FLT,https://github.com/ofeefee/fluttercoin
OWC,https://github.com/ODUWAX/oduwacoin
OCC,https://github.com/OctoinCoin/octoin
BOAT,https://github.com/OBAViJEST/boatcoinfinal
NUMUS,https://github.com/Numuscash/Numus
NULS,https://github.com/nuls-io/nuls
S4F,https://github.com/nterteryan/s4fe
NVC,https://github.com/novacoin-project/novacoin
NOKU,https://github.com/noku-team/noku-wallet
TRK,https://github.com/noise23/Truckcoin
NOBL,https://github.com/NobleCoinNOBL/noblecoin
NOX,https://github.com/nitrotoken/nitro-crowdsale
DUBI,https://github.com/nionis/purpose
PRPS,https://github.com/nionis/purpose
NBC,https://github.com/niobiumfoundation/NiobiumCoin
NEXO,https://github.com/nexofinance/NEXO-Token/
SOUL,https://github.com/newsouldev/soul31
STV,https://github.com/NewSativacoinDev/sativacoin
CYP,https://github.com/neworldorder/braveneworld
TWINS,https://github.com/NewCapital/TWINS-Core
TRIA,https://github.com/nevixa/triatoken_combicoin
NEVA,https://github.com/Nevacoin/nevacoin
NTRN,https://github.com/neutroncoin/neutron
NRO,https://github.com/neurocoin/neurocoin
NRP,https://github.com/neuralprotocol/NRPSmartContract
LYL,https://github.com/NemProject/nem.core
INCO,https://github.com/nemolab-project/incodium/
SC,https://github.com/NebulousLabs/Sia
NAVI,https://github.com/naviworld/navi-token/
NRVE,https://github.com/NarrativeCompany/tokensale-neo-smartcontract
XMY,https://github.com/myriadteam/myriadcoin/
MVL,https://github.com/mvlchain/mvltoken
MUT,https://github.com/mutualcoin/mutualcoin
MST,https://github.com/mustangcoin/mst-v3
KWATT,https://github.com/muditgrover/4new-crowdsale
MFIT,https://github.com/muayfitcoin/muayfitcoin/
SYNC,https://github.com/MsCollec/Sync2
MOX,https://github.com/mox-project/MoX
QBC,https://github.com/morinpa/QBC
MONK,https://github.com/MONKEYPROJECT/MonkeyV2
$$$,https://github.com/moneyfoundation/money
XMR,https://github.com/monero-project/monero
MONA,https://github.com/monacoinproject/monacoin
BITZ,https://github.com/MOJOv3/mojocoin
MLM,https://github.com/Mktcoin-official/Mktcoin
MITH,https://github.com/mithio/mithril-smart-contract
MNX,https://github.com/minexcoin/minexcoin
MIC,https://github.com/mindexcoin/Mindexcoin
GRIN,https://github.com/mimblewimble/grin
SPACE,https://github.com/midnight-miner/spacecoin
AMM,https://github.com/micro-money/prime
MRC,https://github.com/microcoinsource/microCoin_V3.0
METAL,https://github.com/Metalde/MetalCoin
XGR,https://github.com/Mesterlovesz74/GoldReserve
MEETONE,https://github.com/meet-one/documentation
MEDX,https://github.com/medibloc/erc20
TEK,https://github.com/maxxine/TEK
808,https://github.com/maxxine/808
MNP,https://github.com/MasterNodesPro/MNPCoin
MTNC,https://github.com/masternodecoin/masternodecoin
MGD,https://github.com/MassGrid/MassGrid
MARX,https://github.com/MARXCOIN01/MARX
SCORE,https://github.com/marksteven2017/Scorecoin/
DUO,https://github.com/marcetin/parallelcoin
BOST,https://github.com/mammix2/boostcoin-core
MAG,https://github.com/magnetwork/magnet
NKA,https://github.com/madross/incakoin-new/
MDC,https://github.com/madcoin-project/madcoin
MCRN,https://github.com/MacronCoin/Macron
MAC,https://github.com/machinecoin-project/machinecoin-core
LSTR,https://github.com/lunalabs/luna-smart-contract
LRM,https://github.com/lrmproject/LRMcoin
TIX,https://github.com/LotteryTickets/LotteryTickets
DGC,https://github.com/lomtax/digitalcoin
LOKI,https://github.com/loki-project/loki
LCS,https://github.com/LocalCoinSwap/cryptoshares
NCP,https://github.com/livenet123/Newton
LTC,https://github.com/litecoin-project/litecoin
LBTC,https://github.com/litebitcoins/litebitcoin
MEC,https://github.com/LIMXTEC/Megacoin
LGS,https://github.com/lgsproject/LogisCoin
XLC,https://github.com/leviarcoin/leviarcoin-src
LEPEN,https://github.com/LePenCoin/LePenCoin
LEO,https://github.com/Leocoin-project/LEOcoin
LGO,https://github.com/LegolasExchange/LegolasToken
LEAF,https://github.com/leafcoin/leafcoin
LANA,https://github.com/LanaCoin/lanacoin
RPM,https://github.com/LadoAlejandro/RepMe
KUSH,https://github.com/kushcoin-project/kushcoin
ERT,https://github.com/Krishtopa/ContractEristica
KOBO,https://github.com/kobocoin/Kobocoin
KIND,https://github.com/kindads/platform
KARMA,https://github.com/karmateam/karma
KNDC,https://github.com/KanadeCoin/kanadecoin/
KLKS,https://github.com/kalkulusteam/klks
JOT,https://github.com/juryonline/contracts
XJO,https://github.com/joulecoin/joulecoin
TIPS,https://github.com/jojapoppa/fedoratipscoin/tree/2.5.1
J,https://github.com/joincoin/joincoin
BTCD,https://github.com/jl777/btcd
MBL,https://github.com/jk14/mobilecash
JIYOX,https://github.com/jiyocoin/jiyox
JIYO,https://github.com/jiyocoin/jiyo-core
SGCC,https://github.com/JayNarv/sgc-gamebook
IXC,https://github.com/ixcore/ixcoin
IVZ,https://github.com/ivzdev/invisiblecoin
XTA,https://github.com/italocoin-project/italo
ISL,https://github.com/islacoin/islacoin
1337,https://github.com/ironsniper1/Elite-Source-2.0.1.2
IRD,https://github.com/iridiumdev/iridium
IOC,https://github.com/IOCoin/DIONS
AIB,https://github.com/iobond/aib
IHF,https://github.com/invictuscapital/IHF-smart-contracts
HOLD,https://github.com/InterstellarHoldings/InterstellarHoldings/
ADA,https://github.com/input-output-hk/cardano-sl/
INX,https://github.com/InMax-Exchange/INX-Token
XNK,https://github.com/InkProtocol/ink-protocol
IFLT,https://github.com/inflationcoin/inflationcoin
IFC,https://github.com/infinitecoin/infinitecoin
XCT,https://github.com/Infernoman/C-Bit
IMS,https://github.com/independentmoneysystem/IMSCoin
IMPS,https://github.com/Impulsecoin/ImpulseCoin
PX,https://github.com/iGotSpots/PX
IDOL,https://github.com/IDOL-COIN/IDOLCOIN
ICON,https://github.com/iconictoken/iconic
IBT,https://github.com/icobay/icobay
IBANK,https://github.com/ibankgroup/Ibank
HTML5,https://github.com/HTMLCOIN/HTML5
HTH,https://github.com/HTHcoin/HTH/
HST,https://github.com/HorizonState/token-sale
HNDC,https://github.com/HondaisCoin/HNDC
HWC,https://github.com/hollywoodcoin-project/HollyWoodCoin
HODL,https://github.com/HOdlcoin/HOdlcoin
HIGH,https://github.com/highgainqubit/highgain
XHI,https://github.com/hicoindev/hicoin
THC,https://github.com/hempcoin-project/hempcoin
HLM,https://github.com/heliumchain/helium
HB,https://github.com/heartbout/SmartContract/
HIGHT,https://github.com/Healkiller/Highcoin/
BIS,https://github.com/hclivess/Bismuth
XHV,https://github.com/havenprotocol/haven
HBX,https://github.com/hashbx/token-distribution
HPC,https://github.com/happycoinmaster/Happycoin
ACTP,https://github.com/hakanservet/Archetypal-Source-Code
HADE,https://github.com/HadePlatform/HadePlatformToken
GZRO,https://github.com/GZR0/GRZ0
NLG,https://github.com/Gulden/gulden-official
GTC,https://github.com/gtccoins/gtccoin
GSC,https://github.com/gscsocial/gsc-core
GRMD,https://github.com/GreenMed/Token
GRE,https://github.com/greencoin-dev/GreenCoinV2
GRPH,https://github.com/Graphcoin/source
GDC,https://github.com/GrandcoinGDC/Grandcoin
GOT,https://github.com/gonetwork-project/gonetwork-framework
GNT,https://github.com/golemfactory/golem
GRX,https://github.com/goldreward/grx-token/
GPKR,https://github.com/GoldPoker/GoldPoker-coin
TOTO,https://github.com/globaltouristteam/smartcontract
GLT,https://github.com/globaltoken/globaltoken
GJC,https://github.com/globaljobcoin/GJC
BSTY,https://github.com/GlobalBoost/GlobalBoost-Y
GIN,https://github.com/gincoin-dev/gincoin-core
RKT,https://github.com/Gibraltar-Blockchain-Exchange/rock-token
GIC,https://github.com/GiantPay/GiantCore
HAL,https://github.com/ghostlander/Halcyon
GSR,https://github.com/geysercoin/geysercoin
GTM,https://github.com/genterium-project/gentarium
GEERT,https://github.com/GeertAltCoin/Geertcoin
PROUD,https://github.com/Gaycoins/GAYcoin-Online
GMBC,https://github.com/gamblica-gmbc/gmbc
GMCN,https://github.com/GambleCoin-Project/GambleCoin
ORE,https://github.com/galactrum/galactrum
GNR,https://github.com/GainerCoin/GainerCoin
GOSS,https://github.com/g0ssipcoin/GossipCoinCore
FDC,https://github.com/futuredigitalcurrency/futuredigital
BLOC,https://github.com/furiousteam/BLOC
LOG,https://github.com/funkshelper/woodcore
FUNDZ,https://github.com/FundFantasy/TokenSale
PTC,https://github.com/FundacionPesetacoin/PesetacoinCore
NTO,https://github.com/fujinto/fujinto-smart-contract
URO,https://github.com/FuelCoinDev/FC2-Source
FREC,https://github.com/Freyrchain/FREC
FRC,https://github.com/freicoin/freicoin
FRAZ,https://github.com/frazcoin/frazCoin
FRK,https://github.com/franko-org/franko
DRP,https://github.com/frankbonnet/DCORP
FORK,https://github.com/forkcoindev/forkcoin/
FOIN,https://github.com/foinio/foin
VISIO,https://github.com/Fladirmacht/visioX/
UFO,https://github.com/fiscalobject/ufo
FNC,https://github.com/Fincoinltd/FNC
FTC,https://github.com/FeatherCoin/Feathercoin
FST,https://github.com/fastcoinproject/fastcoin/
FGC,https://github.com/FantasyGold/FantasyGold-Core
FAL,https://github.com/falconcoin/FalCoin
FAIR,https://github.com/FairCoinTeam/fair-coin
EXMR,https://github.com/eXMRcoin/Ethereum-Monero
BCD,https://github.com/eveybcd/BitcoinDiamond
EGC,https://github.com/EverGreenCoinDev/EverGreenCoin/
EUNO,https://github.com/Euno/eunowallet
EST,https://github.com/esportschain/esportstoken
EQT,https://github.com/equitrader/Equitrade
ALL,https://github.com/EpyxZ/Allion
EMC2,https://github.com/emc2foundation/einsteinium
EMB,https://github.com/EmberCoin/Ember/
DEM,https://github.com/emarkproject/eMark
AEC,https://github.com/emaratcoin/EmaratCoinProject
ELY,https://github.com/Elysian-ELY/Smart-Contract
BOLI,https://github.com/ElpidioMC/bolivarcoin
AREPA,https://github.com/ElpidioMC/Arepacoin/
LA,https://github.com/ElKornacio/contracts-early
ELD,https://github.com/electrumdark/Electrum-dark-token
PULSE,https://github.com/elcrypto/Pulse
ECN,https://github.com/ecoinclub/ecoin
EBST,https://github.com/eBoostCrypto/eBoost
EGG,https://github.com/eastercoindev/eggcoin
DBIX,https://github.com/dubaicoin-dbix/go-dubaicoin
DRXNE,https://github.com/droxdev/Drox
DGS,https://github.com/dragonglasscom/smart-contracts
DON,https://github.com/donationcoin-project/donationcoin
DOGE,https://github.com/dogecoin/dogecoin
DMD,https://github.com/DMDcoin/Diamond
DMB,https://github.com/DMBcryptocurrency/dmb
DIVI,https://github.com/Divicoin/Divi
DISK,https://github.com/diskdev/disk
WAGE,https://github.com/digiwage/digiwage
PND,https://github.com/DigitalPandacoin/pandacoin
DDX,https://github.com/dietbitcoin/dietbitcoin
STN,https://github.com/dhabitafx/steneum
DEV,https://github.com/Deviantcoin/Source
DVC,https://github.com/devcoin/core
DERO,https://github.com/deroproject/derosuite
ONION,https://github.com/deeponion/deeponion
DBG,https://github.com/DBGold/DBGold
DASHS,https://github.com/DASHSCRYPT/DASHScrypt
DASH,https://github.com/dashpay/dash
DASHG,https://github.com/DashGreenCoin/dashgreen
CURE,https://github.com/cygnusxi/CurecoinSource
CYDER,https://github.com/cyderenergy/cyder
STARS,https://github.com/cybernetik7/StarCash-Network-2.0
CVH,https://github.com/CVHCoin/CVH-Curriculum-Vitae
CTT,https://github.com/CTTDeveloperTeam/CTTCoin
CYL,https://github.com/CrystalToken/erc20contract
BBR,https://github.com/cryptozoidberg/boolberry
CTO,https://github.com/crypto-official/crypto
CJ,https://github.com/cryptojacks/CryptoJacks
CHE,https://github.com/CryptoHarbor/CryptoHarborExchange
RTH,https://github.com/CryptoFutureGmbH/RothariumToken
HONEY,https://github.com/cryptofun/honey/
ERA,https://github.com/cryptofun/blas
CFL,https://github.com/CryptoFlowCoin/CryptoFlowCoin
HBN,https://github.com/Crypto-Expert/HoboNickels
TOPAZ,https://github.com/cryptocoderz/topaz
INSN,https://github.com/CryptoCoderz/INSN
ESP,https://github.com/cryptocoderz/espers
KRL,https://github.com/Cryptense/KryllToken
YUP,https://github.com/crowdholding/yup-token
CGC,https://github.com/crowdgenie/smart-contract
CROP,https://github.com/Cropdev/CropDev
CREVA,https://github.com/crevacoin/creva
CRM,https://github.com/creamcoin/cream
CRAVE,https://github.com/Crave-Project/Crave-NG
COTN,https://github.com/cottoncoin/cottoncoin
CPY,https://github.com/copytrackio/cpy-contracts
XCPO,https://github.com/copicogithub1/copico
CAZ,https://github.com/copicogithub1/cazcoin
DAG,https://github.com/Constellation-Labs/constellation
COMP,https://github.com/compounddev/Compound-Coin
CMM,https://github.com/CommerciumBlockchain/Commercium
CMIT,https://github.com/COMIKETCOINdev/COMIKETCOIN
COLX,https://github.com/ColossusCoinXT/ColossusCoinXT/
GAM,https://github.com/collincrypto/gambitcrypto
CNUS,https://github.com/coinus/Cnus_CoinVerse
TYC,https://github.com/cointyro/tyrocoin
EVIL,https://github.com/coins4lunch/EvilCoin
CHESS,https://github.com/coinforchess/chesscoin
COFI,https://github.com/coinfi/coinfi
MMXVI,https://github.com/coin2016/MMXVI
COBRA,https://github.com/cobrabytes/CobraBytes/
COB,https://github.com/cobinhood/cobinhood-api-public
CTL,https://github.com/cntemple/Citadel/
CLOAK,https://github.com/CloakProject/Cloak2Public
GRN,https://github.com/chrysophylax69/granite
CRX,https://github.com/chronoscoin/Chronoscoin
CNC,https://github.com/CHNCoin/CHNCoin
CHAN,https://github.com/chancoin-core/chancoin
INFX,https://github.com/chainworksindustries/influx/
USDC,https://github.com/centrehq/centre-tokens
XQN,https://github.com/CedricProfit/Quotient
CEDEX,https://github.com/Cedex-Diamond-Exchange/contracts
CATO,https://github.com/CatoCoin/CatoCoin
CAT,https://github.com/CatcoinOfficial/CatcoinRelease
KASHH,https://github.com/cashhcointech/kashhcoin
D,https://github.com/carsenk/denarius
IOV,https://github.com/CarLiveChain/token-profile
CARE,https://github.com/carebitcoin/carebitcoin
BCARD,https://github.com/CARDbuyers/BCARD
CARBON,https://github.com/carboncointrust/CarboncoinCore
CPC,https://github.com/Capricoinofficial/Capricoin/
CNNC,https://github.com/cannationproject/cannation
CANN,https://github.com/cannabiscoindev/cannabiscoin420
CF,https://github.com/Californium/Californium
BZL,https://github.com/bzlcoin/bzlcoin
BUZZ,https://github.com/buzzcoin-project/BUZZ
BUNNY,https://github.com/BunnyToken/smartcontracts
XGOX,https://github.com/bumbacoin/xgox
BUMBA,https://github.com/bumbacoin/bumbacoin2-source
BTW,https://github.com/BTWhite/BTWChain
BTCP,https://github.com/BTCPrivate/BitcoinPrivate
BTA,https://github.com/BTA-BATA/Bataoshi/
BSTAR,https://github.com/bstarcoin/blackstar
BRIA,https://github.com/briastorm/briacoin
GLS,https://github.com/bretskiejr/glasscoin
BSC,https://github.com/BowscoinBSC/Bowscoin
CAP,https://github.com/bottlecaps-foundation/bottlecaps
BOLTT,https://github.com/Bolttcoindev/BolttCoin
BLN,https://github.com/Bolenum/Boleno
NAVY,https://github.com/BoatPilotNAVI/TGE
BNX,https://github.com/bnrtx/bnrtxcoin/
BLU,https://github.com/bluecoiner/bluecoin-new
VEE,https://github.com/BLOCKvIO/documentation
BOXX,https://github.com/Blockpartyticketing/ERC20Token/
BND,https://github.com/blocknodetech/blocknode
BLTG,https://github.com/Block-Logic-Technology-Group/bltg
BCDN,https://github.com/Blockcdnteam/BCDNICO
BLCR,https://github.com/blcrproject/BlacerCoin
BLAST,https://github.com/blastdev/blast-core/releases/tag/v1.3.0.0
ZNY,https://github.com/bitzeny/bitzeny
CGEN,https://github.com/bitvier/communitygeneration
BWT,https://github.com/bittwatt/BittWattToken
BXT,https://github.com/BitTokens/BitToken
BITS,https://github.com/bitstar/bitstar
BSX,https://github.com/Bitspacedev/BitSpace/
BSR,https://github.com/BITSOAR/wallet
BITX,https://github.com/BitScreenerTech/SmartContracts
BITOK,https://github.com/bitokproject/bitok
VASH,https://github.com/Bit-Net/vash
BTG,https://github.com/bitgem/bitgem
BITF,https://github.com/BitFdev/BitF-source-code
BTCZ,https://github.com/bitcoinz-pod/bitcoinz
BTCS,https://github.com/bitcoin-scrypt/bitcoin-scrypt
BTCN,https://github.com/Bitcoinote/Bitcoinote-Core
BCI,https://github.com/BitcoinInterestOfficial/BitcoinInterest
BIFI,https://github.com/bitcoinfile/bitcoinfile
SHMN,https://github.com/bitcoinbabys/StrongHandsMasterNode
BCHABC,https://github.com/Bitcoin-ABC/bitcoin-abc
CLUB,https://github.com/BitClubDev/ClubCoin
BTB,https://github.com/Bitbarcoin/bitbar
BIRDS,https://github.com/Birdsdev/Birds
BIR,https://github.com/birake/birakecoin
BNC,https://github.com/bioniccoin/BNC
BLRY,https://github.com/Billary/BillaryCoinSource
MOZO,https://github.com/Biglabs/Mozo-SC
BBC,https://github.com/BigBoobsCoin/BigBoobsCoin-src
BIX,https://github.com/bibox365/bixtoken
BTXC,https://github.com/bettexproject/bettexcoin
BET,https://github.com/betacoindev/betacoin
BERN,https://github.com/BERNiecoin/BERNcash
BEET,https://github.com/beetledev/Wallet
XBTS,https://github.com/beatscoindev/BeatsCoinV2
BEAT,https://github.com/beat-its/smart-contracts
BEAM,https://github.com/BeamMW/beam
BFT,https://github.com/BankToTheFuture/bft
KB3,https://github.com/B3-Coin/B3-CoinV2
AZART,https://github.com/azartpay/azart
AXIOM,https://github.com/axiomcryptocurrency/axiom
AXF,https://github.com/axfunds/AXFunds
AV,https://github.com/avatarcoin/avatarcoin
AU,https://github.com/aurumcoin-au/Aurumcoin-AU
ADC,https://github.com/aurovine/audiocoin
AURS,https://github.com/aureus22/aureus-sourcecode
XET,https://github.com/atom-solutions/EternalToken
ATCC,https://github.com/atccoinofficial/ATCC
ARION,https://github.com/arioncoin/arioncoin/releases/
ARI,https://github.com/AricoinCurrency/Aricoin
ARC,https://github.com/ArcticCore/arcticcoin
ARB,https://github.com/ARbitcoin/ARbit
ARCO,https://github.com/AquariusNetwork/ARCO
APL,https://github.com/ApolloFoundation/Apollo
ANTI,https://github.com/antibitcoin/AntiBitcoin-source
MNM,https://github.com/antho281/MINEUM
ANC,https://github.com/Anoncoin/anoncoin
CAJ,https://github.com/andreasfink/cajutel-smartcontract
ACP,https://github.com/AnarchistsPrime/Acp2
FCN,https://github.com/amphibia/fantomcoin
AMO,https://github.com/AMO-Project/AMO-Contracts
AMMO,https://github.com/AmmoCore/AmmoReloaded
XLQ,https://github.com/alqocrypto/alqo
SDS,https://github.com/Alchemint/alchemintToken
WIRE,https://github.com/AirWireOfficial/wire-core
ABL,https://github.com/airbloc/token
ARN,https://github.com/aeronaero/aeron
AEON,https://github.com/aeonix/aeon
AEN,https://github.com/AENCO-Global/AENToken
AEG,https://github.com/AegeusCoin/aegeus/
ADZ,https://github.com/AdzCoin/adzcoin
ACC,https://github.com/adcoin-project/AdCoin
ACRE,https://github.com/acrecoin/acrecoin
ACOIN,https://github.com/acoin-project/acoin
ACT,https://github.com/Achain-Dev/Achain
ACES,https://github.com/aces-coin/AcesCoin
AAA,https://github.com/abulaba/aaa
CLINT,https://github.com/abougadibou/clinton-source
EVY,https://github.com/aaron-platform/everycoin
42,https://github.com/42-coin/42
1X2,https://github.com/1X2coin/1X2coin
0xBTC,https://github.com/0xbitcoin/0xbitcoin-token
20,https://github.com/020londoncoin/020londoncoin
DGX,https://gist.github.com/mrenoon/2582fba7b4d457d80f7d37520aabbc08