ryo-currency+ryo-currency.zip,https://codeload.github.com/ryo-currency/ryo-currency/legacy.zip/master
XTRABYTES+SSS.zip,https://codeload.github.com/XTRABYTES/SSS/legacy.zip/master
omencoin+omencoin.zip,https://codeload.github.com/omencoin/omencoin/legacy.zip/master
sagacrypto+SagaCoin.zip,https://codeload.github.com/sagacrypto/SagaCoin/legacy.zip/master
crowdholding+yup-token.zip,https://codeload.github.com/crowdholding/yup-token/legacy.zip/master
waxio+wax-api.zip,https://codeload.github.com/waxio/wax-api/legacy.zip/master
blitzpredict+xbptoken.zip,https://codeload.github.com/blitzpredict/xbptoken/legacy.zip/master
coins4lunch+EvilCoin.zip,https://codeload.github.com/coins4lunch/EvilCoin/legacy.zip/master
CryptoFutureGmbH+RothariumToken.zip,https://codeload.github.com/CryptoFutureGmbH/RothariumToken/legacy.zip/master
EOSIO+eosio.forum.zip,https://codeload.github.com/EOSIO/eosio.forum/legacy.zip/master
Privatix+privatix.zip,https://codeload.github.com/Privatix/privatix/legacy.zip/master
SpectivOfficial+spectiv-boilerplate.zip,https://codeload.github.com/SpectivOfficial/spectiv-boilerplate/legacy.zip/master
vechain+thor.zip,https://codeload.github.com/vechain/thor/legacy.zip/master
aces-coin+AcesCoin.zip,https://codeload.github.com/aces-coin/AcesCoin/legacy.zip/master
NewYorkCoin-NYC+nycoin.zip,https://codeload.github.com/NewYorkCoin-NYC/nycoin/legacy.zip/master
Cryptaur+cryptaur-minecraft.zip,https://codeload.github.com/Cryptaur/cryptaur-minecraft/legacy.zip/master
neurocoin+neurocoin.zip,https://codeload.github.com/neurocoin/neurocoin/legacy.zip/master
esportschain+esportstoken.zip,https://codeload.github.com/esportschain/esportstoken/legacy.zip/master
privcycoin+privcy.zip,https://codeload.github.com/privcycoin/privcy/legacy.zip/master
nterteryan+s4fe.zip,https://codeload.github.com/nterteryan/s4fe/legacy.zip/master
raymaker+bitcoinwspectrum.zip,https://codeload.github.com/raymaker/bitcoinwspectrum/legacy.zip/master
bittwatt+BittWattToken.zip,https://codeload.github.com/bittwatt/BittWattToken/legacy.zip/master
REIDAO+crowdvilla-token-sale.zip,https://codeload.github.com/REIDAO/crowdvilla-token-sale/legacy.zip/master
monacoinproject+monacoin.zip,https://codeload.github.com/monacoinproject/monacoin/legacy.zip/master-0.17
BlueWhaleFoundation+bluewhale.foundation.zip,https://codeload.github.com/BlueWhaleFoundation/bluewhale.foundation/legacy.zip/master
mvlchain+mvltoken.zip,https://codeload.github.com/mvlchain/mvltoken/legacy.zip/master
spreadcoin+spreadcoin.zip,https://codeload.github.com/spreadcoin/spreadcoin/legacy.zip/master
MONKEYPROJECT+MonkeyV2.zip,https://codeload.github.com/MONKEYPROJECT/MonkeyV2/legacy.zip/master
marcetin+parallelcoin.zip,https://codeload.github.com/marcetin/parallelcoin/legacy.zip/master
sparkspay+sparks.zip,https://codeload.github.com/sparkspay/sparks/legacy.zip/master
SapienNetwork+Rocket.Chat.zip,https://codeload.github.com/SapienNetwork/Rocket.Chat/legacy.zip/develop
foinio+foin.zip,https://codeload.github.com/foinio/foin/legacy.zip/master
bulwark-crypto+Bulwark.zip,https://codeload.github.com/bulwark-crypto/Bulwark/legacy.zip/master
Taj-Coin+tajcoin.zip,https://codeload.github.com/Taj-Coin/tajcoin/legacy.zip/master
antho281+MINEUM.zip,https://codeload.github.com/antho281/MINEUM/legacy.zip/master
btcz+bitcoinz.zip,https://codeload.github.com/btcz/bitcoinz/legacy.zip/master
Gaycoins+GAYcoin-Online.zip,https://codeload.github.com/Gaycoins/GAYcoin-Online/legacy.zip/master
Gulden+gulden-official.zip,https://codeload.github.com/Gulden/gulden-official/legacy.zip/master
ShieldCoin+SHIELD.zip,https://codeload.github.com/ShieldCoin/SHIELD/legacy.zip/master
xpc-wg+xpchain.zip,https://codeload.github.com/xpc-wg/xpchain/legacy.zip/master
f-o-a-m+purescript-web3-tests.zip,https://codeload.github.com/f-o-a-m/purescript-web3-tests/legacy.zip/master
EpyxZ+Allion.zip,https://codeload.github.com/EpyxZ/Allion/legacy.zip/master
NobleCoinNOBL+noblecoin.zip,https://codeload.github.com/NobleCoinNOBL/noblecoin/legacy.zip/master
turtlecoin+turtlecoin.zip,https://codeload.github.com/turtlecoin/turtlecoin/legacy.zip/development
proximax-storage-foundry+proximax-simple-upload-site.zip,https://codeload.github.com/proximax-storage-foundry/proximax-simple-upload-site/legacy.zip/master
GiantPay+GiantCore.zip,https://codeload.github.com/GiantPay/GiantCore/legacy.zip/master
piggycoin+newpiggycoin.zip,https://codeload.github.com/piggycoin/newpiggycoin/legacy.zip/master
aionnetwork+aion.zip,https://codeload.github.com/aionnetwork/aion/legacy.zip/master
gincoin-dev+gincoin-core.zip,https://codeload.github.com/gincoin-dev/gincoin-core/legacy.zip/master
Gimbl+GimliToken.zip,https://codeload.github.com/Gimbl/GimliToken/legacy.zip/master
edgeless-casino+2018-ny-jackpot.zip,https://codeload.github.com/edgeless-casino/2018-ny-jackpot/legacy.zip/master
TrickyCoin+trickycoin.zip,https://codeload.github.com/TrickyCoin/trickycoin/legacy.zip/master
jibrelnetwork+jibrel-contracts.zip,https://codeload.github.com/jibrelnetwork/jibrel-contracts/legacy.zip/master
ZuluFourM1ke+TheresaMayCoin-v1.0.1.0.zip,https://codeload.github.com/ZuluFourM1ke/TheresaMayCoin-v1.0.1.0/legacy.zip/master
savenode+SaveNodeCore.zip,https://codeload.github.com/savenode/SaveNodeCore/legacy.zip/master
sonm-io+core.zip,https://codeload.github.com/sonm-io/core/legacy.zip/master
status-im+keycard-cli.zip,https://codeload.github.com/status-im/keycard-cli/legacy.zip/develop
playpossat+blocksattime.zip,https://codeload.github.com/playpossat/blocksattime/legacy.zip/master
magnetwork+magnet.zip,https://codeload.github.com/magnetwork/magnet/legacy.zip/master
IFoodsChainProject+home-site-new.zip,https://codeload.github.com/IFoodsChainProject/home-site-new/legacy.zip/master
bumbacoin+xgox.zip,https://codeload.github.com/bumbacoin/xgox/legacy.zip/master
XYOracleNetwork+sdk-xyobleinterface-swift.zip,https://codeload.github.com/XYOracleNetwork/sdk-xyobleinterface-swift/legacy.zip/master
CommerciumBlockchain+Commercium.zip,https://codeload.github.com/CommerciumBlockchain/Commercium/legacy.zip/master
quasarcoin+quasar.zip,https://codeload.github.com/quasarcoin/quasar/legacy.zip/master
beetledev+Wallet.zip,https://codeload.github.com/beetledev/Wallet/legacy.zip/master
BlockchainDATA+ice4j.zip,https://codeload.github.com/BlockchainDATA/ice4j/legacy.zip/master
devery+devery_contracts.zip,https://codeload.github.com/devery/devery_contracts/legacy.zip/master
thebeetoken+smartcontracts.zip,https://codeload.github.com/thebeetoken/smartcontracts/legacy.zip/master
aaron-platform+everycoin.zip,https://codeload.github.com/aaron-platform/everycoin/legacy.zip/master
PopchainOrg+poprig.zip,https://codeload.github.com/PopchainOrg/poprig/legacy.zip/master
Matchpool+contracts.zip,https://codeload.github.com/Matchpool/contracts/legacy.zip/master
pecunio-official+pco-token.zip,https://codeload.github.com/pecunio-official/pco-token/legacy.zip/master
Peculium-Dev+PCLToken.zip,https://codeload.github.com/Peculium-Dev/PCLToken/legacy.zip/master
carboncointrust+CarboncoinCore.zip,https://codeload.github.com/carboncointrust/CarboncoinCore/legacy.zip/master
Block-Logic-Technology-Group+bltg.zip,https://codeload.github.com/Block-Logic-Technology-Group/bltg/legacy.zip/master
BetaCoinDev+betacoin.zip,https://codeload.github.com/BetaCoinDev/betacoin/legacy.zip/master
Lunes-platform+Crypto-Liquidity-Making-Bot.zip,https://codeload.github.com/Lunes-platform/Crypto-Liquidity-Making-Bot/legacy.zip/master
meet-one+documentation.zip,https://codeload.github.com/meet-one/documentation/legacy.zip/master
BoatPilotNAVI+TGE.zip,https://codeload.github.com/BoatPilotNAVI/TGE/legacy.zip/master
humanscape+token.zip,https://codeload.github.com/humanscape/token/legacy.zip/master
LiskHQ+lisk-hub.zip,https://codeload.github.com/LiskHQ/lisk-hub/legacy.zip/development
trustnote+trustnote-pow-wallet.zip,https://codeload.github.com/trustnote/trustnote-pow-wallet/legacy.zip/master
HTMLCOIN+htmlcoin-explorer.zip,https://codeload.github.com/HTMLCOIN/htmlcoin-explorer/legacy.zip/master
TTCECO+ico_smart_contract.zip,https://codeload.github.com/TTCECO/ico_smart_contract/legacy.zip/master
thesportscoin+SPORT-source.zip,https://codeload.github.com/thesportscoin/SPORT-source/legacy.zip/master
bumbacoin+bumbacoin2-source.zip,https://codeload.github.com/bumbacoin/bumbacoin2-source/legacy.zip/master
fujinto+fujinto-smart-contract.zip,https://codeload.github.com/fujinto/fujinto-smart-contract/legacy.zip/master
wpstudio+blazecoin.zip,https://codeload.github.com/wpstudio/blazecoin/legacy.zip/master
GreenMed+Token.zip,https://codeload.github.com/GreenMed/Token/legacy.zip/master
FintruX+etherwallet.zip,https://codeload.github.com/FintruX/etherwallet/legacy.zip/mercury
ironsniper1+Elite-Source-2.0.1.2.zip,https://codeload.github.com/ironsniper1/Elite-Source-2.0.1.2/legacy.zip/master
goldreward+grx-token.zip,https://codeload.github.com/goldreward/grx-token/legacy.zip/master
storj+tardigrade.io.zip,https://codeload.github.com/storj/tardigrade.io/legacy.zip/master
greencoin-dev+GreenCoinV2.zip,https://codeload.github.com/greencoin-dev/GreenCoinV2/legacy.zip/master
papaLazzarou+dashcoin.zip,https://codeload.github.com/papaLazzarou/dashcoin/legacy.zip/master
Snapparazzi+SnapCoin.zip,https://codeload.github.com/Snapparazzi/SnapCoin/legacy.zip/master
B3-Coin+B3-CoinV2.zip,https://codeload.github.com/B3-Coin/B3-CoinV2/legacy.zip/master
sprouts-coin-org+sprouts.zip,https://codeload.github.com/sprouts-coin-org/sprouts/legacy.zip/master
Fantom-foundation+FIPs.zip,https://codeload.github.com/Fantom-foundation/FIPs/legacy.zip/master
FountainHub+FTN-Token-ERC20.zip,https://codeload.github.com/FountainHub/FTN-Token-ERC20/legacy.zip/master
digiwage+digiwage.zip,https://codeload.github.com/digiwage/digiwage/legacy.zip/master
AlisProject+serverless-edge.zip,https://codeload.github.com/AlisProject/serverless-edge/legacy.zip/develop
InMax-Exchange+INX-Token.zip,https://codeload.github.com/InMax-Exchange/INX-Token/legacy.zip/master
tenaprotocol+contract.zip,https://codeload.github.com/tenaprotocol/contract/legacy.zip/master
SkyHuBs+skyhub.zip,https://codeload.github.com/SkyHuBs/skyhub/legacy.zip/master
anonymousbitcoin+anonpaperwallet.zip,https://codeload.github.com/anonymousbitcoin/anonpaperwallet/legacy.zip/master
nitrotoken+nitro-crowdsale.zip,https://codeload.github.com/nitrotoken/nitro-crowdsale/legacy.zip/master
commerceblock+cb-client-wallet.zip,https://codeload.github.com/commerceblock/cb-client-wallet/legacy.zip/master
inklabsfoundation+inkerface-client-ios-demo.zip,https://codeload.github.com/inklabsfoundation/inkerface-client-ios-demo/legacy.zip/master
Bitcoin-sCrypt+Bitcoin-sCrypt.zip,https://codeload.github.com/Bitcoin-sCrypt/Bitcoin-sCrypt/legacy.zip/master
emc2foundation+einsteinium.zip,https://codeload.github.com/emc2foundation/einsteinium/legacy.zip/master
copytrackio+cpy-contracts.zip,https://codeload.github.com/copytrackio/cpy-contracts/legacy.zip/master
atccoinofficial+ATCC.zip,https://codeload.github.com/atccoinofficial/ATCC/legacy.zip/master
EchoLinkTech+EchoLinkCoreService-SingleUser.zip,https://codeload.github.com/EchoLinkTech/EchoLinkCoreService-SingleUser/legacy.zip/master
vestchain+vest-token.zip,https://codeload.github.com/vestchain/vest-token/legacy.zip/master
donationcoin-project+donationcoin.zip,https://codeload.github.com/donationcoin-project/donationcoin/legacy.zip/master
LockTrip+Blockchain.zip,https://codeload.github.com/LockTrip/Blockchain/legacy.zip/master
gladiusio+gladius-service-worker.zip,https://codeload.github.com/gladiusio/gladius-service-worker/legacy.zip/master
NetkoCoin+electrum-netko-server.zip,https://codeload.github.com/NetkoCoin/electrum-netko-server/legacy.zip/master
RequestNetwork+documentation.zip,https://codeload.github.com/RequestNetwork/documentation/legacy.zip/master
CarTaxiico+PresaleToken.zip,https://codeload.github.com/CarTaxiico/PresaleToken/legacy.zip/master
Cropdev+CropDev.zip,https://codeload.github.com/Cropdev/CropDev/legacy.zip/master
acrecoin+acrecoin.zip,https://codeload.github.com/acrecoin/acrecoin/legacy.zip/master
sumoprojects+sumokoin.zip,https://codeload.github.com/sumoprojects/sumokoin/legacy.zip/master
chrysophylax69+granite.zip,https://codeload.github.com/chrysophylax69/granite/legacy.zip/master
Remmeauth+remme-core-activity-simulation.zip,https://codeload.github.com/Remmeauth/remme-core-activity-simulation/legacy.zip/develop
cntemple+Citadel.zip,https://codeload.github.com/cntemple/Citadel/legacy.zip/derate
crypto-official+crypto.zip,https://codeload.github.com/crypto-official/crypto/legacy.zip/master
TokenMarketNet+smart-contracts.zip,https://codeload.github.com/TokenMarketNet/smart-contracts/legacy.zip/master
redcoinproject+redcoin.zip,https://codeload.github.com/redcoinproject/redcoin/legacy.zip/master
funkshelper+woodcore.zip,https://codeload.github.com/funkshelper/woodcore/legacy.zip/master
JSEcoin+platform.zip,https://codeload.github.com/JSEcoin/platform/legacy.zip/master
mobius-network+dapp-store.zip,https://codeload.github.com/mobius-network/dapp-store/legacy.zip/master
FactomProject+factom.zip,https://codeload.github.com/FactomProject/factom/legacy.zip/master
qtumproject+qtum.zip,https://codeload.github.com/qtumproject/qtum/legacy.zip/master
42-coin+42.zip,https://codeload.github.com/42-coin/42/legacy.zip/master
mware-solutions+cypher-lab.zip,https://codeload.github.com/mware-solutions/cypher-lab/legacy.zip/master
BITSOAR+wallet.zip,https://codeload.github.com/BITSOAR/wallet/legacy.zip/master
pandemiacoin+pandemia.zip,https://codeload.github.com/pandemiacoin/pandemia/legacy.zip/master
TheCryptoServices+PlayerCoin.zip,https://codeload.github.com/TheCryptoServices/PlayerCoin/legacy.zip/master
TOSIO+tos.zip,https://codeload.github.com/TOSIO/tos/legacy.zip/master
ourcoin1+OurCoin.zip,https://codeload.github.com/ourcoin1/OurCoin/legacy.zip/master
amphibia+fantomcoin.zip,https://codeload.github.com/amphibia/fantomcoin/legacy.zip/master
womencoin+womencoin.zip,https://codeload.github.com/womencoin/womencoin/legacy.zip/master
Merculet+UAViOSSDK.zip,https://codeload.github.com/Merculet/UAViOSSDK/legacy.zip/master
AuctusProject+Beta.zip,https://codeload.github.com/AuctusProject/Beta/legacy.zip/master
vikkyteam+vikkyico.zip,https://codeload.github.com/vikkyteam/vikkyico/legacy.zip/master
GeertAltCoin+Geertcoin.zip,https://codeload.github.com/GeertAltCoin/Geertcoin/legacy.zip/master
DiviProject+Divi.zip,https://codeload.github.com/DiviProject/Divi/legacy.zip/master0
ellaism+meta.zip,https://codeload.github.com/ellaism/meta/legacy.zip/master
cobrabytes+CobraBytes.zip,https://codeload.github.com/cobrabytes/CobraBytes/legacy.zip/master
litecoin-project+litecoin.zip,https://codeload.github.com/litecoin-project/litecoin/legacy.zip/master
SuperNETorg+insight-ui-komodo.zip,https://codeload.github.com/SuperNETorg/insight-ui-komodo/legacy.zip/master
mvchain+cryptovault-interior-browser.zip,https://codeload.github.com/mvchain/cryptovault-interior-browser/legacy.zip/master
midnight-miner+spacecoin.zip,https://codeload.github.com/midnight-miner/spacecoin/legacy.zip/master
FormosaFinancial+ccxt.zip,https://codeload.github.com/FormosaFinancial/ccxt/legacy.zip/master
zack-bitcoin+amoveo.zip,https://codeload.github.com/zack-bitcoin/amoveo/legacy.zip/master
scala-network+TorqueGUI.zip,https://codeload.github.com/scala-network/TorqueGUI/legacy.zip/master
ltonetwork+event-chain.zip,https://codeload.github.com/ltonetwork/event-chain/legacy.zip/master
DECENTfoundation+DCoreSwift-SDK.zip,https://codeload.github.com/DECENTfoundation/DCoreSwift-SDK/legacy.zip/master
nextyio+nexty-governance.zip,https://codeload.github.com/nextyio/nexty-governance/legacy.zip/master
FuelCoinDev+FC2-Source.zip,https://codeload.github.com/FuelCoinDev/FC2-Source/legacy.zip/master
likecoin+puttyimages-web.zip,https://codeload.github.com/likecoin/puttyimages-web/legacy.zip/master
andreasfink+cajutel-smartcontract.zip,https://codeload.github.com/andreasfink/cajutel-smartcontract/legacy.zip/master
Sharders+sharder-explorer.zip,https://codeload.github.com/Sharders/sharder-explorer/legacy.zip/master
OriginSport+casino-service.zip,https://codeload.github.com/OriginSport/casino-service/legacy.zip/master
iExecBlockchainComputing+iexec-core.zip,https://codeload.github.com/iExecBlockchainComputing/iexec-core/legacy.zip/master
todayimage+todayimage-source.zip,https://codeload.github.com/todayimage/todayimage-source/legacy.zip/master
yavwa+Shilling.zip,https://codeload.github.com/yavwa/Shilling/legacy.zip/master
GNYIO+gny-token.zip,https://codeload.github.com/GNYIO/gny-token/legacy.zip/master
steemit+steem.zip,https://codeload.github.com/steemit/steem/legacy.zip/master
NebulousLabs+Sia.zip,https://codeload.github.com/NebulousLabs/Sia/legacy.zip/master
lomocoin+android-u2f-demo.zip,https://codeload.github.com/lomocoin/android-u2f-demo/legacy.zip/master
MARXCOIN01+MARX.zip,https://codeload.github.com/MARXCOIN01/MARX/legacy.zip/master
havenprotocol+haven.zip,https://codeload.github.com/havenprotocol/haven/legacy.zip/master
Krishtopa+ContractEristica.zip,https://codeload.github.com/Krishtopa/ContractEristica/legacy.zip/master
scificrypto+Gold-Pressed-Latinum.zip,https://codeload.github.com/scificrypto/Gold-Pressed-Latinum/legacy.zip/master
carebitcoin+carebitcoin.zip,https://codeload.github.com/carebitcoin/carebitcoin/legacy.zip/master
OmniLayer+omniexplorer.zip,https://codeload.github.com/OmniLayer/omniexplorer/legacy.zip/master
carblock-io+zerodb.zip,https://codeload.github.com/carblock-io/zerodb/legacy.zip/master
hicoindev+hicoin.zip,https://codeload.github.com/hicoindev/hicoin/legacy.zip/master
stronghands+stronghands.zip,https://codeload.github.com/stronghands/stronghands/legacy.zip/master
Eryllium+project.zip,https://codeload.github.com/Eryllium/project/legacy.zip/master
DelphyProject+delphy-contracts.zip,https://codeload.github.com/DelphyProject/delphy-contracts/legacy.zip/master
CatcoinOfficial+CatcoinRelease.zip,https://codeload.github.com/CatcoinOfficial/CatcoinRelease/legacy.zip/master
polispay+polis.zip,https://codeload.github.com/polispay/polis/legacy.zip/master
Ankr-network+dccn-hub.zip,https://codeload.github.com/Ankr-network/dccn-hub/legacy.zip/develop
OS76+OSMIUMCOIN_OS76.zip,https://codeload.github.com/OS76/OSMIUMCOIN_OS76/legacy.zip/master
mithio+mithril-smart-contract.zip,https://codeload.github.com/mithio/mithril-smart-contract/legacy.zip/master
WeAreSatoshi+Webpage.zip,https://codeload.github.com/WeAreSatoshi/Webpage/legacy.zip/master
unikoingold+ethereum_contracts.zip,https://codeload.github.com/unikoingold/ethereum_contracts/legacy.zip/master
ghostlander+Halcyon.zip,https://codeload.github.com/ghostlander/Halcyon/legacy.zip/master
eroscoin+block-explorer.zip,https://codeload.github.com/eroscoin/block-explorer/legacy.zip/master
streamr-dev+streamr-client-javascript.zip,https://codeload.github.com/streamr-dev/streamr-client-javascript/legacy.zip/master
toacoin+TOA.zip,https://codeload.github.com/toacoin/TOA/legacy.zip/master
HydroBlockchain+SmartContractReview.zip,https://codeload.github.com/HydroBlockchain/SmartContractReview/legacy.zip/master
primecoin+primecoin.zip,https://codeload.github.com/primecoin/primecoin/legacy.zip/master
ElKornacio+contracts-early.zip,https://codeload.github.com/ElKornacio/contracts-early/legacy.zip/master
BERNiecoin+BERNcash.zip,https://codeload.github.com/BERNiecoin/BERNcash/legacy.zip/master
icobay+icobay.zip,https://codeload.github.com/icobay/icobay/legacy.zip/master
ProspectorsWorld+Prospectors.zip,https://codeload.github.com/ProspectorsWorld/Prospectors/legacy.zip/master
globaltouristteam+smartcontract.zip,https://codeload.github.com/globaltouristteam/smartcontract/legacy.zip/master
bitgem+bitgem.zip,https://codeload.github.com/bitgem/bitgem/legacy.zip/master
UnitedBitcoin+gjavac.zip,https://codeload.github.com/UnitedBitcoin/gjavac/legacy.zip/master
axiomcryptocurrency+axiom.zip,https://codeload.github.com/axiomcryptocurrency/axiom/legacy.zip/master
mammix2+boostcoin-core.zip,https://codeload.github.com/mammix2/boostcoin-core/legacy.zip/master
duality-solutions+libbdaptorrent.zip,https://codeload.github.com/duality-solutions/libbdaptorrent/legacy.zip/master
IXCore+IXCoin.zip,https://codeload.github.com/IXCore/IXCoin/legacy.zip/master
NucleusVision+smartcontracts.zip,https://codeload.github.com/NucleusVision/smartcontracts/legacy.zip/master
ragnaproject+Ragnarok.zip,https://codeload.github.com/ragnaproject/Ragnarok/legacy.zip/master
ontio+documentation.zip,https://codeload.github.com/ontio/documentation/legacy.zip/master
nemolab-project+incodium.zip,https://codeload.github.com/nemolab-project/incodium/legacy.zip/master
forkcoindev+forkcoin.zip,https://codeload.github.com/forkcoindev/forkcoin/legacy.zip/master
jk14+mobilecash.zip,https://codeload.github.com/jk14/mobilecash/legacy.zip/master
BTCPrivate+BitcoinPrivate.zip,https://codeload.github.com/BTCPrivate/BitcoinPrivate/legacy.zip/master
Infernoman+C-Bit.zip,https://codeload.github.com/Infernoman/C-Bit/legacy.zip/master
dhabitafx+steneum.zip,https://codeload.github.com/dhabitafx/steneum/legacy.zip/master
HOdlcoin+HOdlcoin.zip,https://codeload.github.com/HOdlcoin/HOdlcoin/legacy.zip/master
COMIKETCOINdev+COMIKETCOIN.zip,https://codeload.github.com/COMIKETCOINdev/COMIKETCOIN/legacy.zip/master
0xProject+wiki.zip,https://codeload.github.com/0xProject/wiki/legacy.zip/master
1X2coin+1X2coin.zip,https://codeload.github.com/1X2coin/1X2coin/legacy.zip/master
getdock+pptr-mock-server.zip,https://codeload.github.com/getdock/pptr-mock-server/legacy.zip/master
Heat-Ledger-Ltd+heatledger.zip,https://codeload.github.com/Heat-Ledger-Ltd/heatledger/legacy.zip/master
marksteven2017+Scorecoin.zip,https://codeload.github.com/marksteven2017/Scorecoin/legacy.zip/master
SolveCare+care-protocol-api.zip,https://codeload.github.com/SolveCare/care-protocol-api/legacy.zip/master
Storiqa+ico_smart_contract.zip,https://codeload.github.com/Storiqa/ico_smart_contract/legacy.zip/master
smokenetwork+smoke-docs.zip,https://codeload.github.com/smokenetwork/smoke-docs/legacy.zip/master
x12project+x12-core.zip,https://codeload.github.com/x12project/x12-core/legacy.zip/master
BitClubDev+ClubCoin.zip,https://codeload.github.com/BitClubDev/ClubCoin/legacy.zip/master
medibloc+erc20.zip,https://codeload.github.com/medibloc/erc20/legacy.zip/master
SmartCash+Core-Smart.zip,https://codeload.github.com/SmartCash/Core-Smart/legacy.zip/master
zealiumcoin+Zealium.zip,https://codeload.github.com/zealiumcoin/Zealium/legacy.zip/master
TrueFlip+token-holder-lottery.zip,https://codeload.github.com/TrueFlip/token-holder-lottery/legacy.zip/master
CryptoFlowCoin+CryptoFlowCoin.zip,https://codeload.github.com/CryptoFlowCoin/CryptoFlowCoin/legacy.zip/master
livenet123+Newton.zip,https://codeload.github.com/livenet123/Newton/legacy.zip/master
polyswarm+orchestration.zip,https://codeload.github.com/polyswarm/orchestration/legacy.zip/master
kleros+tokens-on-trial.zip,https://codeload.github.com/kleros/tokens-on-trial/legacy.zip/master
rubexmoney18+coin.zip,https://codeload.github.com/rubexmoney18/coin/legacy.zip/master
tomochain+tomox-sdk.zip,https://codeload.github.com/tomochain/tomox-sdk/legacy.zip/master
qlcchain+sms-billing.zip,https://codeload.github.com/qlcchain/sms-billing/legacy.zip/master
ur-technology+go-ur.zip,https://codeload.github.com/ur-technology/go-ur/legacy.zip/master
theabyssportal+Old-Smart-Contract.zip,https://codeload.github.com/theabyssportal/Old-Smart-Contract/legacy.zip/master
windingtree+wt-pricing-algorithms.zip,https://codeload.github.com/windingtree/wt-pricing-algorithms/legacy.zip/master
sojournagain+Sojourn-1.3.zip,https://codeload.github.com/sojournagain/Sojourn-1.3/legacy.zip/master
St4yInTh3D4rk+Zonecoin.zip,https://codeload.github.com/St4yInTh3D4rk/Zonecoin/legacy.zip/master
ProjectWyvern+wyvern.zip,https://codeload.github.com/ProjectWyvern/wyvern/legacy.zip/master
mindexcoin+Mindexcoin.zip,https://codeload.github.com/mindexcoin/Mindexcoin/legacy.zip/master
infinitecoin+infinitecoin.zip,https://codeload.github.com/infinitecoin/infinitecoin/legacy.zip/master
FundRequest+keycloak-build.zip,https://codeload.github.com/FundRequest/keycloak-build/legacy.zip/master
smartcontractkit+chainlink.zip,https://codeload.github.com/smartcontractkit/chainlink/legacy.zip/develop
shogdite+letitride.zip,https://codeload.github.com/shogdite/letitride/legacy.zip/master
zenswapnetwork+smart-contract.zip,https://codeload.github.com/zenswapnetwork/smart-contract/legacy.zip/master
KanadeCoin+kanadecoin.zip,https://codeload.github.com/KanadeCoin/kanadecoin/legacy.zip/master
bitzeny+bitzeny.zip,https://codeload.github.com/bitzeny/bitzeny/legacy.zip/z1.1.x
MicroBitcoinOrg+microbitcoinorg.github.io.zip,https://codeload.github.com/MicroBitcoinOrg/microbitcoinorg.github.io/legacy.zip/master
Euno+eunowallet.zip,https://codeload.github.com/Euno/eunowallet/legacy.zip/master
TheEmbermine+cli.zip,https://codeload.github.com/TheEmbermine/cli/legacy.zip/master
Impulsecoin+ImpulseCoin.zip,https://codeload.github.com/Impulsecoin/ImpulseCoin/legacy.zip/master
onochat+ONOchain.zip,https://codeload.github.com/onochat/ONOchain/legacy.zip/master
techsolutions-ltd+dascoin-blockchain.zip,https://codeload.github.com/techsolutions-ltd/dascoin-blockchain/legacy.zip/master
ProChain+LndHub.zip,https://codeload.github.com/ProChain/LndHub/legacy.zip/master
santiment+san-ui.zip,https://codeload.github.com/santiment/san-ui/legacy.zip/master
oysterprotocol+webinterface.zip,https://codeload.github.com/oysterprotocol/webinterface/legacy.zip/master
stratisproject+BlockExplorer.zip,https://codeload.github.com/stratisproject/BlockExplorer/legacy.zip/master
projectcoincore+ProjectCoin.zip,https://codeload.github.com/projectcoincore/ProjectCoin/legacy.zip/master
purevidz+vidzcoin.zip,https://codeload.github.com/purevidz/vidzcoin/legacy.zip/master
lbryio+lbry-android.zip,https://codeload.github.com/lbryio/lbry-android/legacy.zip/master
kalkulusteam+klks.zip,https://codeload.github.com/kalkulusteam/klks/legacy.zip/master
zcoinofficial+zcoin.zip,https://codeload.github.com/zcoinofficial/zcoin/legacy.zip/master
jl777+btcd.zip,https://codeload.github.com/jl777/btcd/legacy.zip/master
XaurumTeam+XaurumOnEthereum.zip,https://codeload.github.com/XaurumTeam/XaurumOnEthereum/legacy.zip/master
Printerium+Printerium-project.zip,https://codeload.github.com/Printerium/Printerium-project/legacy.zip/master
bettexproject+bettexcoin.zip,https://codeload.github.com/bettexproject/bettexcoin/legacy.zip/master
FantasyGold+FantasyGold-Core.zip,https://codeload.github.com/FantasyGold/FantasyGold-Core/legacy.zip/master
1World-Online+1WO-token-contract.zip,https://codeload.github.com/1World-Online/1WO-token-contract/legacy.zip/master
chaincoin+proposal-generator-php.zip,https://codeload.github.com/chaincoin/proposal-generator-php/legacy.zip/master
CryptoHarbor+CryptoHarborExchange.zip,https://codeload.github.com/CryptoHarbor/CryptoHarborExchange/legacy.zip/master
livepeer+go-livepeer.zip,https://codeload.github.com/livepeer/go-livepeer/legacy.zip/master
juryonline+contracts.zip,https://codeload.github.com/juryonline/contracts/legacy.zip/playground
highgainqubit+highgain.zip,https://codeload.github.com/highgainqubit/highgain/legacy.zip/master
ARbitcoin+ARbit.zip,https://codeload.github.com/ARbitcoin/ARbit/legacy.zip/master
ElpidioMC+Arepacoin.zip,https://codeload.github.com/ElpidioMC/Arepacoin/legacy.zip/master
morinpa+QBC.zip,https://codeload.github.com/morinpa/QBC/legacy.zip/master
Nevacoin+nevacoin.zip,https://codeload.github.com/Nevacoin/nevacoin/legacy.zip/master
Achain-Dev+Achain.zip,https://codeload.github.com/Achain-Dev/Achain/legacy.zip/master
NperProject+Marketing.zip,https://codeload.github.com/NperProject/Marketing/legacy.zip/master
PACCommunity+pac-android.zip,https://codeload.github.com/PACCommunity/pac-android/legacy.zip/master
abulaba+aaa.zip,https://codeload.github.com/abulaba/aaa/legacy.zip/master
microcoinsource+microCoin_V3.0.zip,https://codeload.github.com/microcoinsource/microCoin_V3.0/legacy.zip/master
viacoin+viacoin.zip,https://codeload.github.com/viacoin/viacoin/legacy.zip/master
machinecoin-project+machinecoin-core.zip,https://codeload.github.com/machinecoin-project/machinecoin-core/legacy.zip/master
ModulTrade+media-kit.zip,https://codeload.github.com/ModulTrade/media-kit/legacy.zip/master
APRCoin+PIVX.zip,https://codeload.github.com/APRCoin/PIVX/legacy.zip/master
MyWishPlatform+swap-site.zip,https://codeload.github.com/MyWishPlatform/swap-site/legacy.zip/master
platonfinance+Documents.zip,https://codeload.github.com/platonfinance/Documents/legacy.zip/master
VinChain+VINchain-blockchain.zip,https://codeload.github.com/VinChain/VINchain-blockchain/legacy.zip/master
BitFdev+BitF.zip,https://codeload.github.com/BitFdev/BitF/legacy.zip/master
DBGold+DBGold.zip,https://codeload.github.com/DBGold/DBGold/legacy.zip/master
Cointyro+tyrocoin.zip,https://codeload.github.com/Cointyro/tyrocoin/legacy.zip/master
cryptofun+honey.zip,https://codeload.github.com/cryptofun/honey/legacy.zip/master
Cedex-Diamond-Exchange+contracts-cedex-token.zip,https://codeload.github.com/Cedex-Diamond-Exchange/contracts-cedex-token/legacy.zip/master
soniqproject+smart-contracts.zip,https://codeload.github.com/soniqproject/smart-contracts/legacy.zip/master
DashGreenCoin+dashgreen.zip,https://codeload.github.com/DashGreenCoin/dashgreen/legacy.zip/master
ViceIndustryToken+steemdb.zip,https://codeload.github.com/ViceIndustryToken/steemdb/legacy.zip/master
TraidPlatform+traidcoin.zip,https://codeload.github.com/TraidPlatform/traidcoin/legacy.zip/master
Bitcoinote+Bitcoinote-Core.zip,https://codeload.github.com/Bitcoinote/Bitcoinote-Core/legacy.zip/master
stellar+js-stellar-wallets.zip,https://codeload.github.com/stellar/js-stellar-wallets/legacy.zip/master
StarbaseCo+StarbaseTools.zip,https://codeload.github.com/StarbaseCo/StarbaseTools/legacy.zip/master
zestfoundation+ZestCoin.zip,https://codeload.github.com/zestfoundation/ZestCoin/legacy.zip/master
COINFORCHESS+ChessCoin.zip,https://codeload.github.com/COINFORCHESS/ChessCoin/legacy.zip/master
tanogedler+agavecoin.zip,https://codeload.github.com/tanogedler/agavecoin/legacy.zip/master
OctoinCoin+octoin.zip,https://codeload.github.com/OctoinCoin/octoin/legacy.zip/master
TheSuperiorCoin+TheSuperiorCoin.zip,https://codeload.github.com/TheSuperiorCoin/TheSuperiorCoin/legacy.zip/master
leviarcoin+leviarcoin-src.zip,https://codeload.github.com/leviarcoin/leviarcoin-src/legacy.zip/master
GolosChain+notify-service.zip,https://codeload.github.com/GolosChain/notify-service/legacy.zip/master
Graphcoin+source.zip,https://codeload.github.com/Graphcoin/source/legacy.zip/master
SwingCoin+Swing.zip,https://codeload.github.com/SwingCoin/Swing/legacy.zip/master
ALQOCRYPTO+ALQO.zip,https://codeload.github.com/ALQOCRYPTO/ALQO/legacy.zip/master
rate-engineering+dai-ly.zip,https://codeload.github.com/rate-engineering/dai-ly/legacy.zip/master
plusonecoin+plusonecoin.zip,https://codeload.github.com/plusonecoin/plusonecoin/legacy.zip/master
Playkey+ico-contracts.zip,https://codeload.github.com/Playkey/ico-contracts/legacy.zip/master
AB-CHAIN-com+ab-chain_smart_contracts.zip,https://codeload.github.com/AB-CHAIN-com/ab-chain_smart_contracts/legacy.zip/master
white92d15b7+GPU-Coin.zip,https://codeload.github.com/white92d15b7/GPU-Coin/legacy.zip/master
ShardcoinRepo+shard.zip,https://codeload.github.com/ShardcoinRepo/shard/legacy.zip/master
hempcoin-project+hempcoin.zip,https://codeload.github.com/hempcoin-project/hempcoin/legacy.zip/master
azartpay+azart.zip,https://codeload.github.com/azartpay/azart/legacy.zip/master
SwissBorg+swissborg.github.io.zip,https://codeload.github.com/SwissBorg/swissborg.github.io/legacy.zip/master
phoenixkonsole+transcendence.zip,https://codeload.github.com/phoenixkonsole/transcendence/legacy.zip/master
eltcoin+ELTBOT.zip,https://codeload.github.com/eltcoin/ELTBOT/legacy.zip/master
rupaya-project+rupx.zip,https://codeload.github.com/rupaya-project/rupx/legacy.zip/master
sharpe-capital+react-native-snap-carousel.zip,https://codeload.github.com/sharpe-capital/react-native-snap-carousel/legacy.zip/master
CheeseCoin+CheeseMasternode.zip,https://codeload.github.com/CheeseCoin/CheeseMasternode/legacy.zip/master
Oxycoin+api-documentation.zip,https://codeload.github.com/Oxycoin/api-documentation/legacy.zip/dev
Oxycoin+decompress-zip.zip,https://codeload.github.com/Oxycoin/decompress-zip/legacy.zip/master
Oxycoin+json-sql.zip,https://codeload.github.com/Oxycoin/json-sql/legacy.zip/master
Oxycoin+lisk-sandbox.zip,https://codeload.github.com/Oxycoin/lisk-sandbox/legacy.zip/master
Oxycoin+node-ip.zip,https://codeload.github.com/Oxycoin/node-ip/legacy.zip/master
Oxycoin+oxy-build.zip,https://codeload.github.com/Oxycoin/oxy-build/legacy.zip/master
Oxycoin+oxy-checker.zip,https://codeload.github.com/Oxycoin/oxy-checker/legacy.zip/master
Oxycoin+oxy-explorer.zip,https://codeload.github.com/Oxycoin/oxy-explorer/legacy.zip/master
Oxycoin+oxy-js.zip,https://codeload.github.com/Oxycoin/oxy-js/legacy.zip/master
Oxycoin+oxy-nano.zip,https://codeload.github.com/Oxycoin/oxy-nano/legacy.zip/development
Oxycoin+oxy-nano-js.zip,https://codeload.github.com/Oxycoin/oxy-nano-js/legacy.zip/master
Oxycoin+oxy-node.zip,https://codeload.github.com/Oxycoin/oxy-node/legacy.zip/master
Oxycoin+oxy-pool.zip,https://codeload.github.com/Oxycoin/oxy-pool/legacy.zip/master
Oxycoin+oxy-snapshot.zip,https://codeload.github.com/Oxycoin/oxy-snapshot/legacy.zip/master
Oxycoin+oxy-ts.zip,https://codeload.github.com/Oxycoin/oxy-ts/legacy.zip/master
Oxycoin+oxy-wallet.zip,https://codeload.github.com/Oxycoin/oxy-wallet/legacy.zip/master
Oxycoin+oxycoin-apps-sdk.zip,https://codeload.github.com/Oxycoin/oxycoin-apps-sdk/legacy.zip/development
Oxycoin+pynacl.zip,https://codeload.github.com/Oxycoin/pynacl/legacy.zip/master
enigmampc+enigma-contract.zip,https://codeload.github.com/enigmampc/enigma-contract/legacy.zip/master
bitcoinbabys+StrongHandsMasterNode.zip,https://codeload.github.com/bitcoinbabys/StrongHandsMasterNode/legacy.zip/master
airbloc+token.zip,https://codeload.github.com/airbloc/token/legacy.zip/master
paypeer+paypeer.zip,https://codeload.github.com/paypeer/paypeer/legacy.zip/master
dogecash+dogecash-desktop.zip,https://codeload.github.com/dogecash/dogecash-desktop/legacy.zip/develop
020LondonCoin+020Londoncoin.zip,https://codeload.github.com/020LondonCoin/020Londoncoin/legacy.zip/master
yentencoin+yenten.zip,https://codeload.github.com/yentencoin/yenten/legacy.zip/master
blockchaingame+gc.zip,https://codeload.github.com/blockchaingame/gc/legacy.zip/master
0xbitcoin+0xbitcoin-token.zip,https://codeload.github.com/0xbitcoin/0xbitcoin-token/legacy.zip/master
Agrello+MyEtherWalletDLT.zip,https://codeload.github.com/Agrello/MyEtherWalletDLT/legacy.zip/mercury
PostCoinDevelopers+PostCoin.zip,https://codeload.github.com/PostCoinDevelopers/PostCoin/legacy.zip/master
oysterprotocol+webinterface.zip,https://codeload.github.com/oysterprotocol/webinterface/legacy.zip/master
Soilcoin+SOILsafe.zip,https://codeload.github.com/Soilcoin/SOILsafe/legacy.zip/develop
zeriontech+ethhub.zip,https://codeload.github.com/zeriontech/ethhub/legacy.zip/master
BTWhite+BTWChain.zip,https://codeload.github.com/BTWhite/BTWChain/legacy.zip/master
quark-project+quark.zip,https://codeload.github.com/quark-project/quark/legacy.zip/master
jet8+bounty-airdrop.zip,https://codeload.github.com/jet8/bounty-airdrop/legacy.zip/master
MassGrid+MassGrid.zip,https://codeload.github.com/MassGrid/MassGrid/legacy.zip/master
Oxycoin+api-documentation.zip,https://codeload.github.com/Oxycoin/api-documentation/legacy.zip/dev
Oxycoin+decompress-zip.zip,https://codeload.github.com/Oxycoin/decompress-zip/legacy.zip/master
Oxycoin+json-sql.zip,https://codeload.github.com/Oxycoin/json-sql/legacy.zip/master
Oxycoin+lisk-sandbox.zip,https://codeload.github.com/Oxycoin/lisk-sandbox/legacy.zip/master
Oxycoin+node-ip.zip,https://codeload.github.com/Oxycoin/node-ip/legacy.zip/master
Oxycoin+oxy-build.zip,https://codeload.github.com/Oxycoin/oxy-build/legacy.zip/master
Oxycoin+oxy-checker.zip,https://codeload.github.com/Oxycoin/oxy-checker/legacy.zip/master
Oxycoin+oxy-explorer.zip,https://codeload.github.com/Oxycoin/oxy-explorer/legacy.zip/master
Oxycoin+oxy-js.zip,https://codeload.github.com/Oxycoin/oxy-js/legacy.zip/master
Oxycoin+oxy-nano.zip,https://codeload.github.com/Oxycoin/oxy-nano/legacy.zip/development
Oxycoin+oxy-nano-js.zip,https://codeload.github.com/Oxycoin/oxy-nano-js/legacy.zip/master
Oxycoin+oxy-node.zip,https://codeload.github.com/Oxycoin/oxy-node/legacy.zip/master
Oxycoin+oxy-pool.zip,https://codeload.github.com/Oxycoin/oxy-pool/legacy.zip/master
Oxycoin+oxy-snapshot.zip,https://codeload.github.com/Oxycoin/oxy-snapshot/legacy.zip/master
Oxycoin+oxy-ts.zip,https://codeload.github.com/Oxycoin/oxy-ts/legacy.zip/master
Oxycoin+oxy-wallet.zip,https://codeload.github.com/Oxycoin/oxy-wallet/legacy.zip/master
Oxycoin+oxycoin-apps-sdk.zip,https://codeload.github.com/Oxycoin/oxycoin-apps-sdk/legacy.zip/development
Oxycoin+pynacl.zip,https://codeload.github.com/Oxycoin/pynacl/legacy.zip/master
dogecoin+dogecoin.zip,https://codeload.github.com/dogecoin/dogecoin/legacy.zip/master
pallas1+Cryptonite.zip,https://codeload.github.com/pallas1/Cryptonite/legacy.zip/master
NewSativacoinDev+sativacoin.zip,https://codeload.github.com/NewSativacoinDev/sativacoin/legacy.zip/master
elcrypto+Pulse.zip,https://codeload.github.com/elcrypto/Pulse/legacy.zip/master
CounterpartyXCP+counterparty-lib.zip,https://codeload.github.com/CounterpartyXCP/counterparty-lib/legacy.zip/master
BTA-BATA+Bataoshi.zip,https://codeload.github.com/BTA-BATA/Bataoshi/legacy.zip/0.17
bitcoin+libblkmaker.zip,https://codeload.github.com/bitcoin/libblkmaker/legacy.zip/master
ecoinclub+ecoin.zip,https://codeload.github.com/ecoinclub/ecoin/legacy.zip/master
project-bitmark+brain.zip,https://codeload.github.com/project-bitmark/brain/legacy.zip/gh-pages
antibitcoin+AntiBitcoin-source.zip,https://codeload.github.com/antibitcoin/AntiBitcoin-source/legacy.zip/master
bottos-project+bottos-php-msgpack.zip,https://codeload.github.com/bottos-project/bottos-php-msgpack/legacy.zip/master
MatrixAINetwork+MATRIX_docs.zip,https://codeload.github.com/MatrixAINetwork/MATRIX_docs/legacy.zip/master
verifyas+android-sdk.zip,https://codeload.github.com/verifyas/android-sdk/legacy.zip/master
SelfSellTeam+test.zip,https://codeload.github.com/SelfSellTeam/test/legacy.zip/master
steemit+steem.zip,https://codeload.github.com/steemit/steem/legacy.zip/master
wysker+token-sale.zip,https://codeload.github.com/wysker/token-sale/legacy.zip/master
cryptozoidberg+boolberry.zip,https://codeload.github.com/cryptozoidberg/boolberry/legacy.zip/master
ATNIO+white_paper.zip,https://codeload.github.com/ATNIO/white_paper/legacy.zip/master
RRNCIO+RRChain.zip,https://codeload.github.com/RRNCIO/RRChain/legacy.zip/master
AtlantPlatform+codecrumbs-go.zip,https://codeload.github.com/AtlantPlatform/codecrumbs-go/legacy.zip/master
Chancoin-core+CHANCOIN.zip,https://codeload.github.com/Chancoin-core/CHANCOIN/legacy.zip/master
DMBcryptocurrency+dmb.zip,https://codeload.github.com/DMBcryptocurrency/dmb/legacy.zip/master
muecoin+mueberry-pi.zip,https://codeload.github.com/muecoin/mueberry-pi/legacy.zip/master
cygnusxi+CurecoinSource.zip,https://codeload.github.com/cygnusxi/CurecoinSource/legacy.zip/master
AtlasProtocol+hubble.zip,https://codeload.github.com/AtlasProtocol/hubble/legacy.zip/master
ExchangeUnion+xud-box.zip,https://codeload.github.com/ExchangeUnion/xud-box/legacy.zip/master
Steepdev+SteepCoin.zip,https://codeload.github.com/Steepdev/SteepCoin/legacy.zip/master
Lunyr+ansible-geth.zip,https://codeload.github.com/Lunyr/ansible-geth/legacy.zip/master
digibyte+digibyte.zip,https://codeload.github.com/digibyte/digibyte/legacy.zip/master
lomtax+digitalcoin.zip,https://codeload.github.com/lomtax/digitalcoin/legacy.zip/master
swytch-io+proof-of-production.zip,https://codeload.github.com/swytch-io/proof-of-production/legacy.zip/development
duality-solutions+libbdaptorrent.zip,https://codeload.github.com/duality-solutions/libbdaptorrent/legacy.zip/master
airswap+auto-remediate.zip,https://codeload.github.com/airswap/auto-remediate/legacy.zip/master
iridiumdev+iridium.zip,https://codeload.github.com/iridiumdev/iridium/legacy.zip/development
EmberCoin+Ember.zip,https://codeload.github.com/EmberCoin/Ember/legacy.zip/master
TeamBitBean+bitbean-core.zip,https://codeload.github.com/TeamBitBean/bitbean-core/legacy.zip/master
WePowerNetwork+wepower-contracts.zip,https://codeload.github.com/WePowerNetwork/wepower-contracts/legacy.zip/master
dragonglasscom+smart-contracts.zip,https://codeload.github.com/dragonglasscom/smart-contracts/legacy.zip/master
MOJOv3+mojocoin.zip,https://codeload.github.com/MOJOv3/mojocoin/legacy.zip/master
BitScreenerTech+SmartContracts.zip,https://codeload.github.com/BitScreenerTech/SmartContracts/legacy.zip/master
X2Team2017+X2.zip,https://codeload.github.com/X2Team2017/X2/legacy.zip/master
semuxproject+semux-core.zip,https://codeload.github.com/semuxproject/semux-core/legacy.zip/master
bitstar+bitstar.zip,https://codeload.github.com/bitstar/bitstar/legacy.zip/master
SBDomains+unify-source.zip,https://codeload.github.com/SBDomains/unify-source/legacy.zip/master
bigbomio+digital-contracts.zip,https://codeload.github.com/bigbomio/digital-contracts/legacy.zip/master
Pink2Dev+PinkPi.zip,https://codeload.github.com/Pink2Dev/PinkPi/legacy.zip/develop
thetripio+foundingteam.zip,https://codeload.github.com/thetripio/foundingteam/legacy.zip/master
EthereumCommonwealth+go-callisto.zip,https://codeload.github.com/EthereumCommonwealth/go-callisto/legacy.zip/master
brickblock-io+employee-handbook.zip,https://codeload.github.com/brickblock-io/employee-handbook/legacy.zip/master
PayDayCoinIo+docs.zip,https://codeload.github.com/PayDayCoinIo/docs/legacy.zip/master
HERCone+multichain-explorer.zip,https://codeload.github.com/HERCone/multichain-explorer/legacy.zip/master
nevixa+triatoken_combicoin.zip,https://codeload.github.com/nevixa/triatoken_combicoin/legacy.zip/master
genterium-project+gentarium.zip,https://codeload.github.com/genterium-project/gentarium/legacy.zip/master
Cloudbric-Project+ethereum-lists.zip,https://codeload.github.com/Cloudbric-Project/ethereum-lists/legacy.zip/master
galactrum+galactrum.zip,https://codeload.github.com/galactrum/galactrum/legacy.zip/master
ionchain+ionchain.org.zip,https://codeload.github.com/ionchain/ionchain.org/legacy.zip/master
independentmoneysystem+IMSCoin.zip,https://codeload.github.com/independentmoneysystem/IMSCoin/legacy.zip/master
Revain+Token.zip,https://codeload.github.com/Revain/Token/legacy.zip/master
Rentberry+coinmarketcap-api-php.zip,https://codeload.github.com/Rentberry/coinmarketcap-api-php/legacy.zip/master
tos-project+toswallet-android.zip,https://codeload.github.com/tos-project/toswallet-android/legacy.zip/master
bbscoin+jscoinminer-i18n.zip,https://codeload.github.com/bbscoin/jscoinminer-i18n/legacy.zip/master
quatloos+quatloo.zip,https://codeload.github.com/quatloos/quatloo/legacy.zip/master
unobtanium-official+Unobtanium.zip,https://codeload.github.com/unobtanium-official/Unobtanium/legacy.zip/master
zcash+zcash.zip,https://codeload.github.com/zcash/zcash/legacy.zip/master
NarrativeCompany+tokensale-neo-smartcontract.zip,https://codeload.github.com/NarrativeCompany/tokensale-neo-smartcontract/legacy.zip/master
Kekcoin-Core+kekcoin-segwit.zip,https://codeload.github.com/Kekcoin-Core/kekcoin-segwit/legacy.zip/master
U-Network+UNetwork.zip,https://codeload.github.com/U-Network/UNetwork/legacy.zip/master
ZoZoCoin+ZoZo-blockchain.zip,https://codeload.github.com/ZoZoCoin/ZoZo-blockchain/legacy.zip/master
Alchemint+alchemintToken.zip,https://codeload.github.com/Alchemint/alchemintToken/legacy.zip/master
ZencashOfficial+zencash-mobile.zip,https://codeload.github.com/ZencashOfficial/zencash-mobile/legacy.zip/master
Biglabs+Mozo-SC.zip,https://codeload.github.com/Biglabs/Mozo-SC/legacy.zip/master
zelcash+zelcash.zip,https://codeload.github.com/zelcash/zelcash/legacy.zip/master
HadePlatform+HadePlatformToken.zip,https://codeload.github.com/HadePlatform/HadePlatformToken/legacy.zip/master
Crave-Project+Crave-NG.zip,https://codeload.github.com/Crave-Project/Crave-NG/legacy.zip/master
DataBrokerDAO+databrokerdao-dapp.zip,https://codeload.github.com/DataBrokerDAO/databrokerdao-dapp/legacy.zip/master
projectinterzone+ITZ.zip,https://codeload.github.com/projectinterzone/ITZ/legacy.zip/master
FundFantasy+TokenSale.zip,https://codeload.github.com/FundFantasy/TokenSale/legacy.zip/master
zetacoin+zetacoin.zip,https://codeload.github.com/zetacoin/zetacoin/legacy.zip/master
chainworksindustries+influx.zip,https://codeload.github.com/chainworksindustries/influx/legacy.zip/master
UniversaBlockchain+JSUniversaToolkit.zip,https://codeload.github.com/UniversaBlockchain/JSUniversaToolkit/legacy.zip/master
MazaCoin+mazacoin.org.zip,https://codeload.github.com/MazaCoin/mazacoin.org/legacy.zip/master
HTHcoin+HTH.zip,https://codeload.github.com/HTHcoin/HTH/legacy.zip/master
virtacoin+VirtaCoinProject.zip,https://codeload.github.com/virtacoin/VirtaCoinProject/legacy.zip/master
islacoin+islacoin.zip,https://codeload.github.com/islacoin/islacoin/legacy.zip/master
swarmfund+barnswallow.zip,https://codeload.github.com/swarmfund/barnswallow/legacy.zip/master
AegeusCoin+aegeus.zip,https://codeload.github.com/AegeusCoin/aegeus/legacy.zip/master
AcuteAngleCloud+AcuteAngleCoin.zip,https://codeload.github.com/AcuteAngleCloud/AcuteAngleCoin/legacy.zip/master
Bitspacedev+BitSpace.zip,https://codeload.github.com/Bitspacedev/BitSpace/legacy.zip/master
ShiftNrg+shift.zip,https://codeload.github.com/ShiftNrg/shift/legacy.zip/master
ubex-ai+ubex-pixel.zip,https://codeload.github.com/ubex-ai/ubex-pixel/legacy.zip/master
bitcoinfile+bitcoinfile.zip,https://codeload.github.com/bitcoinfile/bitcoinfile/legacy.zip/master
blockpool-io+BPL-Commander.zip,https://codeload.github.com/blockpool-io/BPL-Commander/legacy.zip/master
Bolttcoindev+BolttCoin.zip,https://codeload.github.com/Bolttcoindev/BolttCoin/legacy.zip/master
gtccoins+gtccoin.zip,https://codeload.github.com/gtccoins/gtccoin/legacy.zip/master
Blockport+tokensale.zip,https://codeload.github.com/Blockport/tokensale/legacy.zip/master
swarmcity+SwarmCityDapp.zip,https://codeload.github.com/swarmcity/SwarmCityDapp/legacy.zip/master
DigitalPrice+digitalprice.org.zip,https://codeload.github.com/DigitalPrice/digitalprice.org/legacy.zip/master
ParetoNetwork+eth-contract-metadata.zip,https://codeload.github.com/ParetoNetwork/eth-contract-metadata/legacy.zip/master
CARDbuyers+BCARD.zip,https://codeload.github.com/CARDbuyers/BCARD/legacy.zip/master
potcoin+PotcoinJS.zip,https://codeload.github.com/potcoin/PotcoinJS/legacy.zip/master
VirtueFintech+FaradCryptoken.zip,https://codeload.github.com/VirtueFintech/FaradCryptoken/legacy.zip/master
Healkiller+Highcoin.zip,https://codeload.github.com/Healkiller/Highcoin/legacy.zip/master
franko-org+franko.zip,https://codeload.github.com/franko-org/franko/legacy.zip/master-0.10
flypme+flypme-contracts.zip,https://codeload.github.com/flypme/flypme-contracts/legacy.zip/master
ArcticCore+arcticcoin.zip,https://codeload.github.com/ArcticCore/arcticcoin/legacy.zip/master
litebitcoins+litebitcoin.zip,https://codeload.github.com/litebitcoins/litebitcoin/legacy.zip/master
bibox365+bixtoken.zip,https://codeload.github.com/bibox365/bixtoken/legacy.zip/master
teamupdev+teamup.zip,https://codeload.github.com/teamupdev/teamup/legacy.zip/master
aeronaero+aeron.zip,https://codeload.github.com/aeronaero/aeron/legacy.zip/master
poetapp+documentation.zip,https://codeload.github.com/poetapp/documentation/legacy.zip/master
LadoAlejandro+RepMe.zip,https://codeload.github.com/LadoAlejandro/RepMe/legacy.zip/master
hclivess+Bismuth.zip,https://codeload.github.com/hclivess/Bismuth/legacy.zip/outdated
CrystalToken+erc20contract.zip,https://codeload.github.com/CrystalToken/erc20contract/legacy.zip/master
coinus+Cnus_CoinVerse.zip,https://codeload.github.com/coinus/Cnus_CoinVerse/legacy.zip/master
Bit-Net+vash.zip,https://codeload.github.com/Bit-Net/vash/legacy.zip/master
joincoin+joincoin.zip,https://codeload.github.com/joincoin/joincoin/legacy.zip/master
Smartlands-Platform+SLT.zip,https://codeload.github.com/Smartlands-Platform/SLT/legacy.zip/master
BigBoobsCoin+BigBoobsCoin-src.zip,https://codeload.github.com/BigBoobsCoin/BigBoobsCoin-src/legacy.zip/master
argentumproject+electrum-arg.zip,https://codeload.github.com/argentumproject/electrum-arg/legacy.zip/master
melonproject+melon-lab.zip,https://codeload.github.com/melonproject/melon-lab/legacy.zip/master
shapetwist+warp.zip,https://codeload.github.com/shapetwist/warp/legacy.zip/master
Mktcoin-official+Mktcoin.zip,https://codeload.github.com/Mktcoin-official/Mktcoin/legacy.zip/master
slimcoin-project+slimcoin-project.github.io.zip,https://codeload.github.com/slimcoin-project/slimcoin-project.github.io/legacy.zip/master
valuecyber+API.zip,https://codeload.github.com/valuecyber/API/legacy.zip/master
karmateam+karma.zip,https://codeload.github.com/karmateam/karma/legacy.zip/master-0.8
StormX-Inc+crowdsale.zip,https://codeload.github.com/StormX-Inc/crowdsale/legacy.zip/master
veritaseum+truffle-contract.zip,https://codeload.github.com/veritaseum/truffle-contract/legacy.zip/master
gonetwork-project+gonetwork-framework.zip,https://codeload.github.com/gonetwork-project/gonetwork-framework/legacy.zip/master
TalaoDAO+marketplace.zip,https://codeload.github.com/TalaoDAO/marketplace/legacy.zip/public
InterstellarHoldings+StellarHoldings.zip,https://codeload.github.com/InterstellarHoldings/StellarHoldings/legacy.zip/master
ArkEcosystem+core.zip,https://codeload.github.com/ArkEcosystem/core/legacy.zip/master
0xcert+ethereum-erc721.zip,https://codeload.github.com/0xcert/ethereum-erc721/legacy.zip/master
LegolasExchange+LegolasToken.zip,https://codeload.github.com/LegolasExchange/LegolasToken/legacy.zip/master
Musiconomi+ethereumj.zip,https://codeload.github.com/Musiconomi/ethereumj/legacy.zip/develop
acoin-project+acoin.zip,https://codeload.github.com/acoin-project/acoin/legacy.zip/master
energicryptocurrency+node-merged-pool.zip,https://codeload.github.com/energicryptocurrency/node-merged-pool/legacy.zip/master
DigitalPandacoin+pandacoin.zip,https://codeload.github.com/DigitalPandacoin/pandacoin/legacy.zip/master
loki-project+loki.zip,https://codeload.github.com/loki-project/loki/legacy.zip/master
bumoproject+bumo-sdk-php.zip,https://codeload.github.com/bumoproject/bumo-sdk-php/legacy.zip/master
BreezeDeMarUK+BreezeCoin.zip,https://codeload.github.com/BreezeDeMarUK/BreezeCoin/legacy.zip/master
etherparty+eth-smart-contracts.zip,https://codeload.github.com/etherparty/eth-smart-contracts/legacy.zip/master
lgsproject+LogisCoin.zip,https://codeload.github.com/lgsproject/LogisCoin/legacy.zip/master
Splyse+MCT.zip,https://codeload.github.com/Splyse/MCT/legacy.zip/master
Mesterlovesz74+GoldReserve.zip,https://codeload.github.com/Mesterlovesz74/GoldReserve/legacy.zip/master
noku-team+noku-wallet.zip,https://codeload.github.com/noku-team/noku-wallet/legacy.zip/master
AmmoCore+AmmoReloaded.zip,https://codeload.github.com/AmmoCore/AmmoReloaded/legacy.zip/master
atonomi+device-sdk.zip,https://codeload.github.com/atonomi/device-sdk/legacy.zip/master
Wincoinofficial+wincoin.zip,https://codeload.github.com/Wincoinofficial/wincoin/legacy.zip/master
abougadibou+clinton-source.zip,https://codeload.github.com/abougadibou/clinton-source/legacy.zip/master
WandXDapp+paymentchannel.zip,https://codeload.github.com/WandXDapp/paymentchannel/legacy.zip/master
paxosglobal+pax-contracts.zip,https://codeload.github.com/paxosglobal/pax-contracts/legacy.zip/master
ZayedCoin+Zayedcoin.zip,https://codeload.github.com/ZayedCoin/Zayedcoin/legacy.zip/master
Bitbarcoin+bitbar.zip,https://codeload.github.com/Bitbarcoin/bitbar/legacy.zip/master
CryptoCoderz+TOPAZ.zip,https://codeload.github.com/CryptoCoderz/TOPAZ/legacy.zip/master
World-WiFi+deal-referral-contract.zip,https://codeload.github.com/World-WiFi/deal-referral-contract/legacy.zip/master
axfunds+AXFunds.zip,https://codeload.github.com/axfunds/AXFunds/legacy.zip/master
YOLOCASH+YoloCash-YLC-ERC20-Smart-Contract.zip,https://codeload.github.com/YOLOCASH/YoloCash-YLC-ERC20-Smart-Contract/legacy.zip/master
expanse-org+luna-wallet.zip,https://codeload.github.com/expanse-org/luna-wallet/legacy.zip/master
gamblica-gmbc+gmbc.zip,https://codeload.github.com/gamblica-gmbc/gmbc/legacy.zip/master
Pakcoin-project+pakcoin.zip,https://codeload.github.com/Pakcoin-project/pakcoin/legacy.zip/master
GlobalBoost+GlobalBoost-Y.zip,https://codeload.github.com/GlobalBoost/GlobalBoost-Y/legacy.zip/master
Experty+react-native-callkit.zip,https://codeload.github.com/Experty/react-native-callkit/legacy.zip/master
raiden-network+raiden.zip,https://codeload.github.com/raiden-network/raiden/legacy.zip/develop
CedricProfit+Quotient.zip,https://codeload.github.com/CedricProfit/Quotient/legacy.zip/master
roofsdev+roofs.zip,https://codeload.github.com/roofsdev/roofs/legacy.zip/master
muayfitcoin+muayfitcoin.zip,https://codeload.github.com/muayfitcoin/muayfitcoin/legacy.zip/master
prizmspace+PrizmCore.zip,https://codeload.github.com/prizmspace/PrizmCore/legacy.zip/master
nexofinance+NEXO-Token.zip,https://codeload.github.com/nexofinance/NEXO-Token/legacy.zip/master
riflabs+RIF-Token.zip,https://codeload.github.com/riflabs/RIF-Token/legacy.zip/master
SINOVATEblockchain+SUQA-CORE.zip,https://codeload.github.com/SINOVATEblockchain/SUQA-CORE/legacy.zip/master
XDNA-Core+XDNA.zip,https://codeload.github.com/XDNA-Core/XDNA/legacy.zip/master
decred+dcrdata.zip,https://codeload.github.com/decred/dcrdata/legacy.zip/master
riecoin+riecoin.zip,https://codeload.github.com/riecoin/riecoin/legacy.zip/0.10.2
VisionX-Team+DefectDetection.zip,https://codeload.github.com/VisionX-Team/DefectDetection/legacy.zip/master
zennies+zennies.zip,https://codeload.github.com/zennies/zennies/legacy.zip/master
cryptotwenty+smartcontracts.zip,https://codeload.github.com/cryptotwenty/smartcontracts/legacy.zip/master
bnrtx+bnrtxcoin.zip,https://codeload.github.com/bnrtx/bnrtxcoin/legacy.zip/master
virtauniquecoin+virtauniquecoin-master.zip,https://codeload.github.com/virtauniquecoin/virtauniquecoin-master/legacy.zip/master
PascalCoin+PascalCoin.zip,https://codeload.github.com/PascalCoin/PascalCoin/legacy.zip/master
PascalLite+pascallite.com.zip,https://codeload.github.com/PascalLite/pascallite.com/legacy.zip/master
equitrader+Equitrade.zip,https://codeload.github.com/equitrader/Equitrade/legacy.zip/master
dashpay+dash.zip,https://codeload.github.com/dashpay/dash/legacy.zip/master
NewCapital+TWINS-Core.zip,https://codeload.github.com/NewCapital/TWINS-Core/legacy.zip/master
bstarcoin+blackstar.zip,https://codeload.github.com/bstarcoin/blackstar/legacy.zip/master
bioniccoin+BNC.zip,https://codeload.github.com/bioniccoin/BNC/legacy.zip/master
omisego+plasma-contracts.zip,https://codeload.github.com/omisego/plasma-contracts/legacy.zip/master
wexcoinofficial+wexcoin.zip,https://codeload.github.com/wexcoinofficial/wexcoin/legacy.zip/master
PedityOfficial+js-stellar-sdk.zip,https://codeload.github.com/PedityOfficial/js-stellar-sdk/legacy.zip/master
frazcoin+frazCoin.zip,https://codeload.github.com/frazcoin/frazCoin/legacy.zip/master
CryptoCoderz+Espers.zip,https://codeload.github.com/CryptoCoderz/Espers/legacy.zip/master
blocknodetech+blocknode.zip,https://codeload.github.com/blocknodetech/blocknode/legacy.zip/master
Online-io+onfido-sdk-ui.zip,https://codeload.github.com/Online-io/onfido-sdk-ui/legacy.zip/master
italocoin-project+italo.zip,https://codeload.github.com/italocoin-project/italo/legacy.zip/master
LIMXTEC+Megacoin.zip,https://codeload.github.com/LIMXTEC/Megacoin/legacy.zip/0.15
PoC-Consortium+aggregator.zip,https://codeload.github.com/PoC-Consortium/aggregator/legacy.zip/master
zeitcoin+zeitcoin.zip,https://codeload.github.com/zeitcoin/zeitcoin/legacy.zip/master
yeeco+gyee.zip,https://codeload.github.com/yeeco/gyee/legacy.zip/master
tcc-world+go-tcc.zip,https://codeload.github.com/tcc-world/go-tcc/legacy.zip/master
syscoin+sysethereum-dapp.zip,https://codeload.github.com/syscoin/sysethereum-dapp/legacy.zip/master
coinfi+coinfi.zip,https://codeload.github.com/coinfi/coinfi/legacy.zip/develop
phantomxdev+phantomx.zip,https://codeload.github.com/phantomxdev/phantomx/legacy.zip/master
Truckman83+DAS.zip,https://codeload.github.com/Truckman83/DAS/legacy.zip/master
VladK75+philosopherstone.zip,https://codeload.github.com/VladK75/philosopherstone/legacy.zip/master
Fincoinltd+FNC.zip,https://codeload.github.com/Fincoinltd/FNC/legacy.zip/master
yescoindev+yes.zip,https://codeload.github.com/yescoindev/yes/legacy.zip/master
invictuscapital+IHF-smart-contracts.zip,https://codeload.github.com/invictuscapital/IHF-smart-contracts/legacy.zip/master
sentinel-official+tendermint.zip,https://codeload.github.com/sentinel-official/tendermint/legacy.zip/master
hashbx+token-distribution.zip,https://codeload.github.com/hashbx/token-distribution/legacy.zip/master
futuredigitalcurrency+futuredigital.zip,https://codeload.github.com/futuredigitalcurrency/futuredigital/legacy.zip/master
willowrose+QubitCoin.zip,https://codeload.github.com/willowrose/QubitCoin/legacy.zip/master
DMDcoin+Diamond.zip,https://codeload.github.com/DMDcoin/Diamond/legacy.zip/master
GoHelpFund+insight-api.zip,https://codeload.github.com/GoHelpFund/insight-api/legacy.zip/master
emercoin+EmerCert.zip,https://codeload.github.com/emercoin/EmerCert/legacy.zip/master
inflationcoin+inflationcoin.zip,https://codeload.github.com/inflationcoin/inflationcoin/legacy.zip/master
chronoscoin+Chronoscoin.zip,https://codeload.github.com/chronoscoin/Chronoscoin/legacy.zip/Coin
skycoin+arena.zip,https://codeload.github.com/skycoin/arena/legacy.zip/master
EverGreenCoinDev+EverGreenCoin.zip,https://codeload.github.com/EverGreenCoinDev/EverGreenCoin/legacy.zip/master
emaratcoin+EmaratCoinProject.zip,https://codeload.github.com/emaratcoin/EmaratCoinProject/legacy.zip/master
Electra-project+Electra-Whitepaper.zip,https://codeload.github.com/Electra-project/Electra-Whitepaper/legacy.zip/master
vivocoin+vivo.zip,https://codeload.github.com/vivocoin/vivo/legacy.zip/master
SyndicateLtd+SYNX-Android.zip,https://codeload.github.com/SyndicateLtd/SYNX-Android/legacy.zip/master
WeTrustPlatform+staking-dapp.zip,https://codeload.github.com/WeTrustPlatform/staking-dapp/legacy.zip/master
bethereumproject+telegram-global-bot.zip,https://codeload.github.com/bethereumproject/telegram-global-bot/legacy.zip/master
OBAViJEST+boatcoinfinal.zip,https://codeload.github.com/OBAViJEST/boatcoinfinal/legacy.zip/master
creamcoin+cream.zip,https://codeload.github.com/creamcoin/cream/legacy.zip/master
taoblockchain+tao-core.zip,https://codeload.github.com/taoblockchain/tao-core/legacy.zip/master
syncfab+smartcontract.zip,https://codeload.github.com/syncfab/smartcontract/legacy.zip/master
DigitalNoteXDN+digitalnotewallet.zip,https://codeload.github.com/DigitalNoteXDN/digitalnotewallet/legacy.zip/master
iGotSpots+PX.zip,https://codeload.github.com/iGotSpots/PX/legacy.zip/master
newsouldev+soul31.zip,https://codeload.github.com/newsouldev/soul31/legacy.zip/master
bluecoiner+bluecoin-new.zip,https://codeload.github.com/bluecoiner/bluecoin-new/legacy.zip/master
peoplewave-ico+wavebase.zip,https://codeload.github.com/peoplewave-ico/wavebase/legacy.zip/master
spayse+Bubble.zip,https://codeload.github.com/spayse/Bubble/legacy.zip/master
daostack+migration.zip,https://codeload.github.com/daostack/migration/legacy.zip/master
DASHSCRYPT+DASHScrypt.zip,https://codeload.github.com/DASHSCRYPT/DASHScrypt/legacy.zip/master
PresearchOfficial+Start-Extension-Firefox.zip,https://codeload.github.com/PresearchOfficial/Start-Extension-Firefox/legacy.zip/master
dietbitcoin+dietbitcoin.zip,https://codeload.github.com/dietbitcoin/dietbitcoin/legacy.zip/master
xylocoin+xylo.zip,https://codeload.github.com/xylocoin/xylo/legacy.zip/master
tagrdev+tagrcoin.zip,https://codeload.github.com/tagrdev/tagrcoin/legacy.zip/master
RevolverCoin+revolvercoin.zip,https://codeload.github.com/RevolverCoin/revolvercoin/legacy.zip/master
cyderenergy+cyder.zip,https://codeload.github.com/cyderenergy/cyder/legacy.zip/master
RateCoinXRA+ratecoin.zip,https://codeload.github.com/RateCoinXRA/ratecoin/legacy.zip/master
paragon-coin+token.zip,https://codeload.github.com/paragon-coin/token/legacy.zip/master
electrumdark+Electrum-dark-token.zip,https://codeload.github.com/electrumdark/Electrum-dark-token/legacy.zip/master
Crypto-Expert+HoboNickels.zip,https://codeload.github.com/Crypto-Expert/HoboNickels/legacy.zip/master
sharpay-io+frozen-tokens-check.zip,https://codeload.github.com/sharpay-io/frozen-tokens-check/legacy.zip/master
qusd+qusd.zip,https://codeload.github.com/qusd/qusd/legacy.zip/master
Electronic-Gulden-Foundation+ROT.zip,https://codeload.github.com/Electronic-Gulden-Foundation/ROT/legacy.zip/master
HondaisCoin+HNDC.zip,https://codeload.github.com/HondaisCoin/HNDC/legacy.zip/master
Fladirmacht+visioX.zip,https://codeload.github.com/Fladirmacht/visioX/legacy.zip/master
Numuscash+Numus.zip,https://codeload.github.com/Numuscash/Numus/legacy.zip/master
seeleteam+SeeleWallet.zip,https://codeload.github.com/seeleteam/SeeleWallet/legacy.zip/master
haloplatform+go-haloplatform.zip,https://codeload.github.com/haloplatform/go-haloplatform/legacy.zip/develop
PokeCoinDev+pokecoin.zip,https://codeload.github.com/PokeCoinDev/pokecoin/legacy.zip/master
LocalCoinSwap+cryptoshares.zip,https://codeload.github.com/LocalCoinSwap/cryptoshares/legacy.zip/master
PRASM-Network+PRASM.zip,https://codeload.github.com/PRASM-Network/PRASM/legacy.zip/master
Primestonecoin+PrimeStone.zip,https://codeload.github.com/Primestonecoin/PrimeStone/legacy.zip/master
birake+birakecoin.zip,https://codeload.github.com/birake/birakecoin/legacy.zip/master
FeatherCoin+Feathercoin.zip,https://codeload.github.com/FeatherCoin/Feathercoin/legacy.zip/0.18
safex+wiki.zip,https://codeload.github.com/safex/wiki/legacy.zip/master
winkchain+wink.zip,https://codeload.github.com/winkchain/wink/legacy.zip/master
Bolenum+boleno.zip,https://codeload.github.com/Bolenum/boleno/legacy.zip/master
novacoin-project+novacoin.zip,https://codeload.github.com/novacoin-project/novacoin/legacy.zip/master
CarLiveChain+token-profile.zip,https://codeload.github.com/CarLiveChain/token-profile/legacy.zip/master
RenosCoin+RenosCoin.zip,https://codeload.github.com/RenosCoin/RenosCoin/legacy.zip/master
Vetro7+RoyaltiesCLI.zip,https://codeload.github.com/Vetro7/RoyaltiesCLI/legacy.zip/master
Blockpartyticketing+ERC20Token.zip,https://codeload.github.com/Blockpartyticketing/ERC20Token/legacy.zip/master
masternodecoin+masternodecoin.zip,https://codeload.github.com/masternodecoin/masternodecoin/legacy.zip/master
KomodoPlatform+developer-docs.zip,https://codeload.github.com/KomodoPlatform/developer-docs/legacy.zip/master
CoTraderCore+SmartEscrow.zip,https://codeload.github.com/CoTraderCore/SmartEscrow/legacy.zip/master
AENCO-Global+AENToken.zip,https://codeload.github.com/AENCO-Global/AENToken/legacy.zip/master
blcrproject+BlacerCoin.zip,https://codeload.github.com/blcrproject/BlacerCoin/legacy.zip/master
etherzero-org+EasyETZ-ios.zip,https://codeload.github.com/etherzero-org/EasyETZ-ios/legacy.zip/EasyETZ
FUSIONFoundation+PSNBlockExplorer.zip,https://codeload.github.com/FUSIONFoundation/PSNBlockExplorer/legacy.zip/master
cottoncoin+cottoncoin.zip,https://codeload.github.com/cottoncoin/cottoncoin/legacy.zip/master
fastcoinproject+fastcoin.zip,https://codeload.github.com/fastcoinproject/fastcoin/legacy.zip/fastcoin-8.7.2
nuls-io+nuls.zip,https://codeload.github.com/nuls-io/nuls/legacy.zip/master
bitcv+bitcv-web.zip,https://codeload.github.com/bitcv/bitcv-web/legacy.zip/master
eastercoindev+eggcoin.zip,https://codeload.github.com/eastercoindev/eggcoin/legacy.zip/master
rsksmart+RSKIPs.zip,https://codeload.github.com/rsksmart/RSKIPs/legacy.zip/master
selfiecoin+slfi.zip,https://codeload.github.com/selfiecoin/slfi/legacy.zip/master
zoombacoin+zoomba.zip,https://codeload.github.com/zoombacoin/zoomba/legacy.zip/master
jiyocoin+jiyo1.zip,https://codeload.github.com/jiyocoin/jiyo1/legacy.zip/master
hollywoodcoin-project+HollyWoodCoin.zip,https://codeload.github.com/hollywoodcoin-project/HollyWoodCoin/legacy.zip/master
ripple+vl.zip,https://codeload.github.com/ripple/vl/legacy.zip/master
vericoin+vericoin.zip,https://codeload.github.com/vericoin/vericoin/legacy.zip/master
CarboneumProject+idex-mock-server.zip,https://codeload.github.com/CarboneumProject/idex-mock-server/legacy.zip/master
Oneledger+OLT.zip,https://codeload.github.com/Oneledger/OLT/legacy.zip/master
unitcurrency+unitcurrency.zip,https://codeload.github.com/unitcurrency/unitcurrency/legacy.zip/master
Qoracoin+Qora.zip,https://codeload.github.com/Qoracoin/Qora/legacy.zip/master
Billary+BillaryCoinSource.zip,https://codeload.github.com/Billary/BillaryCoinSource/legacy.zip/master
Scanetchain+Scanetchain-ERC20-Token.zip,https://codeload.github.com/Scanetchain/Scanetchain-ERC20-Token/legacy.zip/master
cryptojacks+CryptoJacks.zip,https://codeload.github.com/cryptojacks/CryptoJacks/legacy.zip/master
LePenCoin+LePenCoin.zip,https://codeload.github.com/LePenCoin/LePenCoin/legacy.zip/master
XmanXU+monero-original.zip,https://codeload.github.com/XmanXU/monero-original/legacy.zip/master
FairCoinTeam+fair-coin.zip,https://codeload.github.com/FairCoinTeam/fair-coin/legacy.zip/master
Freyrchain+FREC.zip,https://codeload.github.com/Freyrchain/FREC/legacy.zip/master
compounddev+Compound-Coin.zip,https://codeload.github.com/compounddev/Compound-Coin/legacy.zip/master
magi-project+obsolete-m-cpuminer-legacy.zip,https://codeload.github.com/magi-project/obsolete-m-cpuminer-legacy/legacy.zip/master
sirin-labs+karma.js.zip,https://codeload.github.com/sirin-labs/karma.js/legacy.zip/master
Californium+Californium.zip,https://codeload.github.com/Californium/Californium/legacy.zip/master
SafeInsure+sins-coin.zip,https://codeload.github.com/SafeInsure/sins-coin/legacy.zip/master
ndexnetwork+ndexmarketapi.zip,https://codeload.github.com/ndexnetwork/ndexmarketapi/legacy.zip/master
mox-project+MoX.zip,https://codeload.github.com/mox-project/MoX/legacy.zip/master
XMaxPlatform+xmax-mainchain.zip,https://codeload.github.com/XMaxPlatform/xmax-mainchain/legacy.zip/master
myriadteam+myriadcoin.zip,https://codeload.github.com/myriadteam/myriadcoin/legacy.zip/master
Cryptense+KryllToken.zip,https://codeload.github.com/Cryptense/KryllToken/legacy.zip/master
Karma-blockchain+kafka-listener.zip,https://codeload.github.com/Karma-blockchain/kafka-listener/legacy.zip/master
seredat+karbowanec.zip,https://codeload.github.com/seredat/karbowanec/legacy.zip/master
thetatoken+theta-mainnet-integration-guide.zip,https://codeload.github.com/thetatoken/theta-mainnet-integration-guide/legacy.zip/master
vertcoin-project+vertcoin-core.zip,https://codeload.github.com/vertcoin-project/vertcoin-core/legacy.zip/0.14.0
carVertical+nodejs-lambda-boilerplate.zip,https://codeload.github.com/carVertical/nodejs-lambda-boilerplate/legacy.zip/master
monero-project+monero.zip,https://codeload.github.com/monero-project/monero/legacy.zip/master
pillarwallet+rn-signal-protocol-messaging.zip,https://codeload.github.com/pillarwallet/rn-signal-protocol-messaging/legacy.zip/master
aeonix+aeon.zip,https://codeload.github.com/aeonix/aeon/legacy.zip/master
eosdac+eosdac-client-extension.zip,https://codeload.github.com/eosdac/eosdac-client-extension/legacy.zip/master
graft-project+GraftNetwork.zip,https://codeload.github.com/graft-project/GraftNetwork/legacy.zip/master
Canada-eCoin+Canada-eCoin-qt.zip,https://codeload.github.com/Canada-eCoin/Canada-eCoin-qt/legacy.zip/master
Anoncoin+anoncoin.zip,https://codeload.github.com/Anoncoin/anoncoin/legacy.zip/master
Birdsdev+Birds.zip,https://codeload.github.com/Birdsdev/Birds/legacy.zip/master
The-Cypherfunks+The-Cypherfunks.zip,https://codeload.github.com/The-Cypherfunks/The-Cypherfunks/legacy.zip/master-1.1
tokyocoindev+tokyocoinsrc.zip,https://codeload.github.com/tokyocoindev/tokyocoinsrc/legacy.zip/master
namecoin+ncdns.zip,https://codeload.github.com/namecoin/ncdns/legacy.zip/master
TokenDesk+TDS.zip,https://codeload.github.com/TokenDesk/TDS/legacy.zip/master
rupeedigitalassets+Rupee-Core.zip,https://codeload.github.com/rupeedigitalassets/Rupee-Core/legacy.zip/master
TrueDeck+Airdrop.zip,https://codeload.github.com/TrueDeck/Airdrop/legacy.zip/master
cashhcointech+kashhcoin.zip,https://codeload.github.com/cashhcointech/kashhcoin/legacy.zip/master
Zayphr+WalletBuildersCoin.zip,https://codeload.github.com/Zayphr/WalletBuildersCoin/legacy.zip/master
Gainercoin+Gainercoin.zip,https://codeload.github.com/Gainercoin/Gainercoin/legacy.zip/master
LemoFoundationLtd+lemo-client.zip,https://codeload.github.com/LemoFoundationLtd/lemo-client/legacy.zip/master
thewhitecompany+whitestandard.zip,https://codeload.github.com/thewhitecompany/whitestandard/legacy.zip/master
golemfactory+golem.zip,https://codeload.github.com/golemfactory/golem/legacy.zip/develop
GenaroNetwork+RandomFaas.zip,https://codeload.github.com/GenaroNetwork/RandomFaas/legacy.zip/master
jiyocoin+jiyox.zip,https://codeload.github.com/jiyocoin/jiyox/legacy.zip/master
BitTokens+BitToken.zip,https://codeload.github.com/BitTokens/BitToken/legacy.zip/master
CryptoCoderz+INSN.zip,https://codeload.github.com/CryptoCoderz/INSN/legacy.zip/master
WisprProject+core.zip,https://codeload.github.com/WisprProject/core/legacy.zip/master
CVHCoin+CVH-Curriculum-Vitae.zip,https://codeload.github.com/CVHCoin/CVH-Curriculum-Vitae/legacy.zip/master
recordfoundation+record-token-contract.zip,https://codeload.github.com/recordfoundation/record-token-contract/legacy.zip/master
Goldmint+mint-lite-wallet.zip,https://codeload.github.com/Goldmint/mint-lite-wallet/legacy.zip/master
GoldPoker+GoldPoker-coin.zip,https://codeload.github.com/GoldPoker/GoldPoker-coin/legacy.zip/master
AquariusNetwork+ARCO.zip,https://codeload.github.com/AquariusNetwork/ARCO/legacy.zip/master
BunnyToken+smartcontracts.zip,https://codeload.github.com/BunnyToken/smartcontracts/legacy.zip/master
iobond+aib.zip,https://codeload.github.com/iobond/aib/legacy.zip/master
peercoin+rfcs.zip,https://codeload.github.com/peercoin/rfcs/legacy.zip/master
iconictoken+iconic.zip,https://codeload.github.com/iconictoken/iconic/legacy.zip/master
owndata+owndata-token.zip,https://codeload.github.com/owndata/owndata-token/legacy.zip/master
vaperscoin+vaperscoin.zip,https://codeload.github.com/vaperscoin/vaperscoin/legacy.zip/master
theQRL+block-explorer.zip,https://codeload.github.com/theQRL/block-explorer/legacy.zip/master
heliumchain+helium.zip,https://codeload.github.com/heliumchain/helium/legacy.zip/master
ODUWAX+oduwacoin.zip,https://codeload.github.com/ODUWAX/oduwacoin/legacy.zip/master
gapcoin+Gapcoin-PoWCore.zip,https://codeload.github.com/gapcoin/Gapcoin-PoWCore/legacy.zip/master
ElpidioMC+bolivarcoin.zip,https://codeload.github.com/ElpidioMC/bolivarcoin/legacy.zip/master
collincrypto+gambitcrypto.zip,https://codeload.github.com/collincrypto/gambitcrypto/legacy.zip/master
ROIyalCoin+ROIyalCoin.zip,https://codeload.github.com/ROIyalCoin/ROIyalCoin/legacy.zip/master
vectorcoindev+Vector.zip,https://codeload.github.com/vectorcoindev/Vector/legacy.zip/master
dubaicoin-dbix+go-dubaicoin.zip,https://codeload.github.com/dubaicoin-dbix/go-dubaicoin/legacy.zip/master
falconcoin+FalCoin.zip,https://codeload.github.com/falconcoin/FalCoin/legacy.zip/master
bitpopulous+BI-reviews.zip,https://codeload.github.com/bitpopulous/BI-reviews/legacy.zip/master
furiousteam+BLOC.zip,https://codeload.github.com/furiousteam/BLOC/legacy.zip/master
PaymonTeam+paymon-ios-new.zip,https://codeload.github.com/PaymonTeam/paymon-ios-new/legacy.zip/master
ibankgroup+Ibank.zip,https://codeload.github.com/ibankgroup/Ibank/legacy.zip/master
byteball+obyte-gui-wallet.zip,https://codeload.github.com/byteball/obyte-gui-wallet/legacy.zip/master
presstab+ultracoin-2.zip,https://codeload.github.com/presstab/ultracoin-2/legacy.zip/master
AschPlatform+asch-web.zip,https://codeload.github.com/AschPlatform/asch-web/legacy.zip/master
VIPSTARCOIN+VIPSTARCOIN.zip,https://codeload.github.com/VIPSTARCOIN/VIPSTARCOIN/legacy.zip/master
EveripediaNetwork+wtf_wikipedia.zip,https://codeload.github.com/EveripediaNetwork/wtf_wikipedia/legacy.zip/master
virtacoinplus+virtacoinplus.zip,https://codeload.github.com/virtacoinplus/virtacoinplus/legacy.zip/master
x8currency-project+x8CurrencySmartContracts.zip,https://codeload.github.com/x8currency-project/x8CurrencySmartContracts/legacy.zip/master
realityreflection+MossCoin.zip,https://codeload.github.com/realityreflection/MossCoin/legacy.zip/master
monetha+platform.zip,https://codeload.github.com/monetha/platform/legacy.zip/master
HTMLCOIN+HTML5.zip,https://codeload.github.com/HTMLCOIN/HTML5/legacy.zip/master-1.x
UnitedTraders+uttoken.zip,https://codeload.github.com/UnitedTraders/uttoken/legacy.zip/master
wxcoins+wxc-src.zip,https://codeload.github.com/wxcoins/wxc-src/legacy.zip/master
happycoinmaster+Happycoin.zip,https://codeload.github.com/happycoinmaster/Happycoin/legacy.zip/master
SocialCoinNetwk+SocialCoin.zip,https://codeload.github.com/SocialCoinNetwk/SocialCoin/legacy.zip/master
briastorm+briacoin.zip,https://codeload.github.com/briastorm/briacoin/legacy.zip/master
theveganinitiative+xve.zip,https://codeload.github.com/theveganinitiative/xve/legacy.zip/master
vergecurrency+vDocker.zip,https://codeload.github.com/vergecurrency/vDocker/legacy.zip/master
buzzcoin-project+BUZZ.zip,https://codeload.github.com/buzzcoin-project/BUZZ/legacy.zip/master
LambdaIM+marketplace.zip,https://codeload.github.com/LambdaIM/marketplace/legacy.zip/master
upxide+NPLC.zip,https://codeload.github.com/upxide/NPLC/legacy.zip/master
PWRcoin+PWRcoin.zip,https://codeload.github.com/PWRcoin/PWRcoin/legacy.zip/phoenix
TalaikisInc+provoco_fooling_around_one_dapp.zip,https://codeload.github.com/TalaikisInc/provoco_fooling_around_one_dapp/legacy.zip/master
blockarraygroup+EthereumRegistrationAuthority.zip,https://codeload.github.com/blockarraygroup/EthereumRegistrationAuthority/legacy.zip/master
Sudo23+ColossusCoin2.zip,https://codeload.github.com/Sudo23/ColossusCoin2/legacy.zip/master
ApolloFoundation+Apollo.zip,https://codeload.github.com/ApolloFoundation/Apollo/legacy.zip/master
puracore+pura.zip,https://codeload.github.com/puracore/pura/legacy.zip/master
maxxine+808.zip,https://codeload.github.com/maxxine/808/legacy.zip/master
XinFinOrg+DemoTradeFinex.zip,https://codeload.github.com/XinFinOrg/DemoTradeFinex/legacy.zip/master
SDChain+SDChain-Core.zip,https://codeload.github.com/SDChain/SDChain-Core/legacy.zip/master
shadowproject+website.zip,https://codeload.github.com/shadowproject/website/legacy.zip/master
AricoinCurrency+Aricoin.zip,https://codeload.github.com/AricoinCurrency/Aricoin/legacy.zip/master
TrustPlus+crypto-supplies.zip,https://codeload.github.com/TrustPlus/crypto-supplies/legacy.zip/master
IDOL-COIN+IDOL_old.zip,https://codeload.github.com/IDOL-COIN/IDOL_old/legacy.zip/master
BOXFoundation+bch-wallet.zip,https://codeload.github.com/BOXFoundation/bch-wallet/legacy.zip/master
CTTDeveloperTeam+CTTCoin.zip,https://codeload.github.com/CTTDeveloperTeam/CTTCoin/legacy.zip/master
Nyancoins+NyanPaw.zip,https://codeload.github.com/Nyancoins/NyanPaw/legacy.zip/master
geysercoin+geysercoin.zip,https://codeload.github.com/geysercoin/geysercoin/legacy.zip/master
LotteryTickets+LotteryTickets.zip,https://codeload.github.com/LotteryTickets/LotteryTickets/legacy.zip/master
stkcn+stakecoin.zip,https://codeload.github.com/stkcn/stakecoin/legacy.zip/master
cannabiscoindev+cannabiscoin420.zip,https://codeload.github.com/cannabiscoindev/cannabiscoin420/legacy.zip/master-0.13
frankbonnet+DCORP.zip,https://codeload.github.com/frankbonnet/DCORP/legacy.zip/master
joulecoin+joulecoin.zip,https://codeload.github.com/joulecoin/joulecoin/legacy.zip/master
BankToTheFuture+bft.zip,https://codeload.github.com/BankToTheFuture/bft/legacy.zip/master
soom-4th-blockchain+soom-core.zip,https://codeload.github.com/soom-4th-blockchain/soom-core/legacy.zip/master
Capricoinofficial+Capricoin.zip,https://codeload.github.com/Capricoinofficial/Capricoin/legacy.zip/master
OwnMarket+OwnBlockchainSdkJS.zip,https://codeload.github.com/OwnMarket/OwnBlockchainSdkJS/legacy.zip/master
gscsocial+gsc-core.zip,https://codeload.github.com/gscsocial/gsc-core/legacy.zip/master
particl+particl.io.zip,https://codeload.github.com/particl/particl.io/legacy.zip/master
navcoin+KnowledgeBase.zip,https://codeload.github.com/navcoin/KnowledgeBase/legacy.zip/master
leafcoin+leafcoin.zip,https://codeload.github.com/leafcoin/leafcoin/legacy.zip/master
BitcoinInterestOfficial+BitcoinInterest.zip,https://codeload.github.com/BitcoinInterestOfficial/BitcoinInterest/legacy.zip/master
droxdev+Drox.zip,https://codeload.github.com/droxdev/Drox/legacy.zip/master
temcolabs+token.zip,https://codeload.github.com/temcolabs/token/legacy.zip/master
tigertoken+Tigereum.zip,https://codeload.github.com/tigertoken/Tigereum/legacy.zip/master
lunalabs+luna-smart-contract.zip,https://codeload.github.com/lunalabs/luna-smart-contract/legacy.zip/master
bodhiproject+trust-wallet-ios.zip,https://codeload.github.com/bodhiproject/trust-wallet-ios/legacy.zip/master
boraecosystem+bmttool.zip,https://codeload.github.com/boraecosystem/bmttool/legacy.zip/master
cryptrusten+token-profile.zip,https://codeload.github.com/cryptrusten/token-profile/legacy.zip/master
sexcoin-project+sexcoin.zip,https://codeload.github.com/sexcoin-project/sexcoin/legacy.zip/master
AdzCoin+adzcoin.zip,https://codeload.github.com/AdzCoin/adzcoin/legacy.zip/master
plncoin+PLNcoin_Core.zip,https://codeload.github.com/plncoin/PLNcoin_Core/legacy.zip/plnc
RavenProject+Ravencoin.zip,https://codeload.github.com/RavenProject/Ravencoin/legacy.zip/master
eveybcd+BitcoinDiamond.zip,https://codeload.github.com/eveybcd/BitcoinDiamond/legacy.zip/master
unitusdev+unitus.zip,https://codeload.github.com/unitusdev/unitus/legacy.zip/master
NemProject+nem.core.zip,https://codeload.github.com/NemProject/nem.core/legacy.zip/master
IOCoin+DIONS.zip,https://codeload.github.com/IOCoin/DIONS/legacy.zip/master
YUKIproject+token.zip,https://codeload.github.com/YUKIproject/token/legacy.zip/master
Bitcoin-ABC+bitcoin-abc.zip,https://codeload.github.com/Bitcoin-ABC/bitcoin-abc/legacy.zip/master
goldcoin+wiki.zip,https://codeload.github.com/goldcoin/wiki/legacy.zip/master
carsenk+denarius.zip,https://codeload.github.com/carsenk/denarius/legacy.zip/master
Nexusoft+PrimePool.zip,https://codeload.github.com/Nexusoft/PrimePool/legacy.zip/master
naviworld+navi-token.zip,https://codeload.github.com/naviworld/navi-token/legacy.zip/master
Speed-Mining+SMSCoin.zip,https://codeload.github.com/Speed-Mining/SMSCoin/legacy.zip/master
zperteam+TokennSalenTools.zip,https://codeload.github.com/zperteam/TokennSalenTools/legacy.zip/master
zeepin+Documentation.zip,https://codeload.github.com/zeepin/Documentation/legacy.zip/master
eXMRcoin+EXMR-INFO.zip,https://codeload.github.com/eXMRcoin/EXMR-INFO/legacy.zip/master
clearcoin+reagent.zip,https://codeload.github.com/clearcoin/reagent/legacy.zip/master
devcoin+core.zip,https://codeload.github.com/devcoin/core/legacy.zip/master
nionis+purpose.zip,https://codeload.github.com/nionis/purpose/legacy.zip/master
wemcoin+wmcoin.zip,https://codeload.github.com/wemcoin/wmcoin/legacy.zip/master
RightMesh+docker-ubuntu-openjdk.zip,https://codeload.github.com/RightMesh/docker-ubuntu-openjdk/legacy.zip/master
okcashpro+okcash.zip,https://codeload.github.com/okcashpro/okcash/legacy.zip/master
ubiq+go-ubiq.zip,https://codeload.github.com/ubiq/go-ubiq/legacy.zip/master
gxchain+gxclient-java.zip,https://codeload.github.com/gxchain/gxclient-java/legacy.zip/master
virtualeconomy+v-systems.zip,https://codeload.github.com/virtualeconomy/v-systems/legacy.zip/master
trade-io+Tradeio-TokenSale-Contract.zip,https://codeload.github.com/trade-io/Tradeio-TokenSale-Contract/legacy.zip/master
hakanservet+Archetypal-Source-Code.zip,https://codeload.github.com/hakanservet/Archetypal-Source-Code/legacy.zip/master
neutroncoin+neutron.zip,https://codeload.github.com/neutroncoin/neutron/legacy.zip/master
oxfina+OX-Whitepaper.zip,https://codeload.github.com/oxfina/OX-Whitepaper/legacy.zip/master
bretskiejr+glasscoin.zip,https://codeload.github.com/bretskiejr/glasscoin/legacy.zip/master
GravityCoinOfficial+yiimp.zip,https://codeload.github.com/GravityCoinOfficial/yiimp/legacy.zip/next
StealthSend+Stealth.zip,https://codeload.github.com/StealthSend/Stealth/legacy.zip/master
gameflip+tokensale.zip,https://codeload.github.com/gameflip/tokensale/legacy.zip/master
flash-coin+flash-fullnode.zip,https://codeload.github.com/flash-coin/flash-fullnode/legacy.zip/master
eBoostCrypto+eBoost.zip,https://codeload.github.com/eBoostCrypto/eBoost/legacy.zip/master
ofeefee+fluttercoin.zip,https://codeload.github.com/ofeefee/fluttercoin/legacy.zip/master
Deviantcoin+Source.zip,https://codeload.github.com/Deviantcoin/Source/legacy.zip/master
copicogithub1+copico.zip,https://codeload.github.com/copicogithub1/copico/legacy.zip/master
LanaCoin+lanacoin.zip,https://codeload.github.com/LanaCoin/lanacoin/legacy.zip/master
Snowgem+Snowgem.zip,https://codeload.github.com/Snowgem/Snowgem/legacy.zip/master
heartbout+SmartContract.zip,https://codeload.github.com/heartbout/SmartContract/legacy.zip/master
aeternity+aepp-playground.zip,https://codeload.github.com/aeternity/aepp-playground/legacy.zip/develop
flowchain+crypto-night.zip,https://codeload.github.com/flowchain/crypto-night/legacy.zip/master
ethereum+remix-ide.zip,https://codeload.github.com/ethereum/remix-ide/legacy.zip/master
blocknetdx+blockchain-configuration-files.zip,https://codeload.github.com/blocknetdx/blockchain-configuration-files/legacy.zip/master
Spectrumcash+Spectrum-Coin.zip,https://codeload.github.com/Spectrumcash/Spectrum-Coin/legacy.zip/master
minexcoin+minexcoin.zip,https://codeload.github.com/minexcoin/minexcoin/legacy.zip/master
kushcoin-project+kushcoin.zip,https://codeload.github.com/kushcoin-project/kushcoin/legacy.zip/master
kindads+platform.zip,https://codeload.github.com/kindads/platform/legacy.zip/master
bzlcoin+bzlcoin.zip,https://codeload.github.com/bzlcoin/bzlcoin/legacy.zip/master
InsurChain+insur-fc.zip,https://codeload.github.com/InsurChain/insur-fc/legacy.zip/master
AMO-Project+AMO-Contracts.zip,https://codeload.github.com/AMO-Project/AMO-Contracts/legacy.zip/master
amontech+https-proxy.zip,https://codeload.github.com/amontech/https-proxy/legacy.zip/master
MasterNodesPro+MNPCoin.zip,https://codeload.github.com/MasterNodesPro/MNPCoin/legacy.zip/master
globaltoken+globaltoken.zip,https://codeload.github.com/globaltoken/globaltoken/legacy.zip/master
ambrosus+ambrosus-node-contracts.zip,https://codeload.github.com/ambrosus/ambrosus-node-contracts/legacy.zip/master
FundacionPesetacoin+PesetacoinCore.zip,https://codeload.github.com/FundacionPesetacoin/PesetacoinCore/legacy.zip/master
OpenST+brandedtoken-contracts.zip,https://codeload.github.com/OpenST/brandedtoken-contracts/legacy.zip/develop
copicogithub1+cazcoin.zip,https://codeload.github.com/copicogithub1/cazcoin/legacy.zip/master
paxex+Paxex.zip,https://codeload.github.com/paxex/Paxex/legacy.zip/master
ZclassicCommunity+zclassic.zip,https://codeload.github.com/ZclassicCommunity/zclassic/legacy.zip/master
AirWireOfficial+wire-core.zip,https://codeload.github.com/AirWireOfficial/wire-core/legacy.zip/master
osa-decentralized+forecastonishing.zip,https://codeload.github.com/osa-decentralized/forecastonishing/legacy.zip/master
synereo+docs.zip,https://codeload.github.com/synereo/docs/legacy.zip/master
intervalue+intervalue-2.0.0-testnet.zip,https://codeload.github.com/intervalue/intervalue-2.0.0-testnet/legacy.zip/master
ProtonNetwork+Proton.zip,https://codeload.github.com/ProtonNetwork/Proton/legacy.zip/master
adcoin-project+AdCoin.zip,https://codeload.github.com/adcoin-project/AdCoin/legacy.zip/master
wurstgelee+triangles.zip,https://codeload.github.com/wurstgelee/triangles/legacy.zip/master
usde-project+USDE.zip,https://codeload.github.com/usde-project/USDE/legacy.zip/master
noise23+Truckcoin.zip,https://codeload.github.com/noise23/Truckcoin/legacy.zip/master
vividplatform+vividcoin.zip,https://codeload.github.com/vividplatform/vividcoin/legacy.zip/master
PaycentGlobal+crowdsale.zip,https://codeload.github.com/PaycentGlobal/crowdsale/legacy.zip/master
centrehq+centre-tokens.zip,https://codeload.github.com/centrehq/centre-tokens/legacy.zip/master
beatscoindev+BeatsCoinV2.zip,https://codeload.github.com/beatscoindev/BeatsCoinV2/legacy.zip/master
terracoin+insight-api-terracoin.zip,https://codeload.github.com/terracoin/insight-api-terracoin/legacy.zip/master
ubcoin+ubcoin.zip,https://codeload.github.com/ubcoin/ubcoin/legacy.zip/master
tronprotocol+chainbase.zip,https://codeload.github.com/tronprotocol/chainbase/legacy.zip/develop
kobocoin+Kobocoin.zip,https://codeload.github.com/kobocoin/Kobocoin/legacy.zip/master
onsightit+solarcoin.zip,https://codeload.github.com/onsightit/solarcoin/legacy.zip/master
uPlexa+uplexa.zip,https://codeload.github.com/uPlexa/uplexa/legacy.zip/master
rchain+whiteblock.zip,https://codeload.github.com/rchain/whiteblock/legacy.zip/master
PublicaIO+publica-contracts.zip,https://codeload.github.com/PublicaIO/publica-contracts/legacy.zip/master
vitelabs+vite-app-ios.zip,https://codeload.github.com/vitelabs/vite-app-ios/legacy.zip/develop
SecureCloudCoin+securecloudcoin.zip,https://codeload.github.com/SecureCloudCoin/securecloudcoin/legacy.zip/master
coin2016+MMXVI.zip,https://codeload.github.com/coin2016/MMXVI/legacy.zip/master
Loopring+protocol2.zip,https://codeload.github.com/Loopring/protocol2/legacy.zip/master
BeamMW+beam.zip,https://codeload.github.com/BeamMW/beam/legacy.zip/master
UlordChain+UlordChain.zip,https://codeload.github.com/UlordChain/UlordChain/legacy.zip/master
GambleCoin-Project+GambleCoin.zip,https://codeload.github.com/GambleCoin-Project/GambleCoin/legacy.zip/master
lrmproject+LRMcoin.zip,https://codeload.github.com/lrmproject/LRMcoin/legacy.zip/master
BusinessCredit+MyCryptos.zip,https://codeload.github.com/BusinessCredit/MyCryptos/legacy.zip/master
Loopring+protocol2.zip,https://codeload.github.com/Loopring/protocol2/legacy.zip/master
Tomas-M+VoteCoin.zip,https://codeload.github.com/Tomas-M/VoteCoin/legacy.zip/master
cryptofun+blas.zip,https://codeload.github.com/cryptofun/blas/legacy.zip/master
GZR0+GRZ0.zip,https://codeload.github.com/GZR0/GRZ0/legacy.zip/master
ivy-project+website-marketing.zip,https://codeload.github.com/ivy-project/website-marketing/legacy.zip/master
ivzdev+invisiblecoin.zip,https://codeload.github.com/ivzdev/invisiblecoin/legacy.zip/master
zurcoin+zurcoin.zip,https://codeload.github.com/zurcoin/zurcoin/legacy.zip/master
neo-project+neo.org.zip,https://codeload.github.com/neo-project/neo.org/legacy.zip/master
cybernetik7+StarCash-Network-2.0.zip,https://codeload.github.com/cybernetik7/StarCash-Network-2.0/legacy.zip/master
token-stars+ace-token.zip,https://codeload.github.com/token-stars/ace-token/legacy.zip/master
bitvier+communitygeneration.zip,https://codeload.github.com/bitvier/communitygeneration/legacy.zip/master
investdigital+investdigital-www.zip,https://codeload.github.com/investdigital/investdigital-www/legacy.zip/master
ZEUS-coin+docs.zip,https://codeload.github.com/ZEUS-coin/docs/legacy.zip/master
gamecredits-project+gamejs-lib.zip,https://codeload.github.com/gamecredits-project/gamejs-lib/legacy.zip/master
AnarchistsPrime+Acp2.zip,https://codeload.github.com/AnarchistsPrime/Acp2/legacy.zip/master
beat-its+smart-contracts.zip,https://codeload.github.com/beat-its/smart-contracts/legacy.zip/master
indahash+livespace.zip,https://codeload.github.com/indahash/livespace/legacy.zip/master
truegame+truegame-contracts.zip,https://codeload.github.com/truegame/truegame-contracts/legacy.zip/master
InkProtocol+contracts.zip,https://codeload.github.com/InkProtocol/contracts/legacy.zip/master
FoldingCoin+FindFAHUsernameMaxLength.zip,https://codeload.github.com/FoldingCoin/FindFAHUsernameMaxLength/legacy.zip/master
sassafrasstubby+BioBar.zip,https://codeload.github.com/sassafrasstubby/BioBar/legacy.zip/master
maxxine+TEK.zip,https://codeload.github.com/maxxine/TEK/legacy.zip/master
telcoin+ico.zip,https://codeload.github.com/telcoin/ico/legacy.zip/master
ColossusCoinXT+ColossusCoinXT.zip,https://codeload.github.com/ColossusCoinXT/ColossusCoinXT/legacy.zip/master
tokenomy+Tokenomy-Exchange-API-Documentation.zip,https://codeload.github.com/tokenomy/Tokenomy-Exchange-API-Documentation/legacy.zip/master
crowdgenie+smart-contract.zip,https://codeload.github.com/crowdgenie/smart-contract/legacy.zip/master
rublixdev+rblxtokenmint.zip,https://codeload.github.com/rublixdev/rblxtokenmint/legacy.zip/master
MacronCoin+Macron.zip,https://codeload.github.com/MacronCoin/Macron/legacy.zip/master
pumapayio+pumapay-token.zip,https://codeload.github.com/pumapayio/pumapay-token/legacy.zip/master
obsidianproject+Obsidian-StratisWallet.zip,https://codeload.github.com/obsidianproject/Obsidian-StratisWallet/legacy.zip/master
niobiumfoundation+NiobiumCoin.zip,https://codeload.github.com/niobiumfoundation/NiobiumCoin/legacy.zip/master
Elysian-ELY+Smart-Contract.zip,https://codeload.github.com/Elysian-ELY/Smart-Contract/legacy.zip/master
TeslacoinFoundation+TeslacoinCore.zip,https://codeload.github.com/TeslacoinFoundation/TeslacoinCore/legacy.zip/master
BANKEX+BulletproofJS.zip,https://codeload.github.com/BANKEX/BulletproofJS/legacy.zip/master
neworldorder+braveneworld.zip,https://codeload.github.com/neworldorder/braveneworld/legacy.zip/master
vashshawn+CorgicoinV2.zip,https://codeload.github.com/vashshawn/CorgicoinV2/legacy.zip/master
Printex-official+printex-core.zip,https://codeload.github.com/Printex-official/printex-core/legacy.zip/master
elastos+Elastos.NET.Hive.Native.SDK.zip,https://codeload.github.com/elastos/Elastos.NET.Hive.Native.SDK/legacy.zip/master
AElfProject+contract-plugin.zip,https://codeload.github.com/AElfProject/contract-plugin/legacy.zip/master
yggdrash+explorer.zip,https://codeload.github.com/yggdrash/explorer/legacy.zip/develop
AdExNetwork+adex-protocol-eth.zip,https://codeload.github.com/AdExNetwork/adex-protocol-eth/legacy.zip/master
CloakProject+CloakCoin.zip,https://codeload.github.com/CloakProject/CloakCoin/legacy.zip/master
MyHush+myhush.github.io.zip,https://codeload.github.com/MyHush/myhush.github.io/legacy.zip/master
reddcoin-project+reddcoin.zip,https://codeload.github.com/reddcoin-project/reddcoin/legacy.zip/master
fetchai+ledger.zip,https://codeload.github.com/fetchai/ledger/legacy.zip/master
QuantisDev+QuantisNet-PIVX-Fork-OLD-BLOCKCHAIN.zip,https://codeload.github.com/QuantisDev/QuantisNet-PIVX-Fork-OLD-BLOCKCHAIN/legacy.zip/master
aurovine+AudioCoin.zip,https://codeload.github.com/aurovine/AudioCoin/legacy.zip/master
input-output-hk+cardano-sl.zip,https://codeload.github.com/input-output-hk/cardano-sl/legacy.zip/develop
viteseco+Vites.zip,https://codeload.github.com/viteseco/Vites/legacy.zip/master
ScrivNetwork+scriv.zip,https://codeload.github.com/ScrivNetwork/scriv/legacy.zip/master
Adamant-im+adamant-im.zip,https://codeload.github.com/Adamant-im/adamant-im/legacy.zip/master
AidosKuneen+whitepaper.zip,https://codeload.github.com/AidosKuneen/whitepaper/legacy.zip/master
aditus+aditus-pay-technology-primer.zip,https://codeload.github.com/aditus/aditus-pay-technology-primer/legacy.zip/master
wibsonorg+buyer-sdk.zip,https://codeload.github.com/wibsonorg/buyer-sdk/legacy.zip/develop
muditgrover+4new-crowdsale.zip,https://codeload.github.com/muditgrover/4new-crowdsale/legacy.zip/master
xel-software+xel-installer-docker.zip,https://codeload.github.com/xel-software/xel-installer-docker/legacy.zip/master
tutor-web+Products.TutorWeb.zip,https://codeload.github.com/tutor-web/Products.TutorWeb/legacy.zip/master
Leocoin-project+LEOcoin.zip,https://codeload.github.com/Leocoin-project/LEOcoin/legacy.zip/master
atom-solutions+EternalToken.zip,https://codeload.github.com/atom-solutions/EternalToken/legacy.zip/master
autonomoussoftware+metronome-wallet-mobile.zip,https://codeload.github.com/autonomoussoftware/metronome-wallet-mobile/legacy.zip/develop
BrahmaOS+brahmaos-packages-apps-Contacts.zip,https://codeload.github.com/BrahmaOS/brahmaos-packages-apps-Contacts/legacy.zip/master
GrandcoinGDC+Grandcoin.zip,https://codeload.github.com/GrandcoinGDC/Grandcoin/legacy.zip/master
leverj+nginx-alpine.zip,https://codeload.github.com/leverj/nginx-alpine/legacy.zip/master
SigwoTechnologies+jupiter-gravity.zip,https://codeload.github.com/SigwoTechnologies/jupiter-gravity/legacy.zip/master
crevacoin+creva.zip,https://codeload.github.com/crevacoin/creva/legacy.zip/master
BowscoinBSC+Bowscoin.zip,https://codeload.github.com/BowscoinBSC/Bowscoin/legacy.zip/master
CrowdWiz-io+WIZ.zip,https://codeload.github.com/CrowdWiz-io/WIZ/legacy.zip/master
emarkproject+eMark.zip,https://codeload.github.com/emarkproject/eMark/legacy.zip/master
hoqu-io+platform.zip,https://codeload.github.com/hoqu-io/platform/legacy.zip/master
fiscalobject+ufo.zip,https://codeload.github.com/fiscalobject/ufo/legacy.zip/master-0.18
SilentTrader+UltimateSecureCash.zip,https://codeload.github.com/SilentTrader/UltimateSecureCash/legacy.zip/master
seer-project+seerjs.zip,https://codeload.github.com/seer-project/seerjs/legacy.zip/master
deeponion+deeponion.zip,https://codeload.github.com/deeponion/deeponion/legacy.zip/master
mustangcoin+mst-v3.zip,https://codeload.github.com/mustangcoin/mst-v3/legacy.zip/master
hyperquant-platform+hyperquant-contracts.zip,https://codeload.github.com/hyperquant-platform/hyperquant-contracts/legacy.zip/master
deroproject+derosuite.zip,https://codeload.github.com/deroproject/derosuite/legacy.zip/master
mimblewimble+grin.zip,https://codeload.github.com/mimblewimble/grin/legacy.zip/master
diskdev+disk.zip,https://codeload.github.com/diskdev/disk/legacy.zip/master
debitum+contracts.zip,https://codeload.github.com/debitum/contracts/legacy.zip/master
Gibraltar-Blockchain-Exchange+rock-token.zip,https://codeload.github.com/Gibraltar-Blockchain-Exchange/rock-token/legacy.zip/master
SuperGameChain+sgc-gamebook.zip,https://codeload.github.com/SuperGameChain/sgc-gamebook/legacy.zip/master
Constellation-Labs+constellation.zip,https://codeload.github.com/Constellation-Labs/constellation/legacy.zip/dev
transferdev+Transfercoin.zip,https://codeload.github.com/transferdev/Transfercoin/legacy.zip/master
aureus22+aureus-sourcecode.zip,https://codeload.github.com/aureus22/aureus-sourcecode/legacy.zip/master
Blockcdnteam+BCDNICO.zip,https://codeload.github.com/Blockcdnteam/BCDNICO/legacy.zip/master
joinwell+contracts.zip,https://codeload.github.com/joinwell/contracts/legacy.zip/master
makerdao+dss-deploy-scripts.zip,https://codeload.github.com/makerdao/dss-deploy-scripts/legacy.zip/master
globaljobcoin+GJC.zip,https://codeload.github.com/globaljobcoin/GJC/legacy.zip/master
cannationproject+cannation.zip,https://codeload.github.com/cannationproject/cannation/legacy.zip/master
bitokproject+bitok.zip,https://codeload.github.com/bitokproject/bitok/legacy.zip/master
SigwoTechnologies+jupiter-gravity.zip,https://codeload.github.com/SigwoTechnologies/jupiter-gravity/legacy.zip/master
signalsnetwork+token-sale-contract.zip,https://codeload.github.com/signalsnetwork/token-sale-contract/legacy.zip/master
bounty0x+TelegramBots.zip,https://codeload.github.com/bounty0x/TelegramBots/legacy.zip/master
REGAcoin+REGA.zip,https://codeload.github.com/REGAcoin/REGA/legacy.zip/master
playgame-global+indodax-rx.zip,https://codeload.github.com/playgame-global/indodax-rx/legacy.zip/master
chronologic+suitcase.zip,https://codeload.github.com/chronologic/suitcase/legacy.zip/master
nionis+purpose.zip,https://codeload.github.com/nionis/purpose/legacy.zip/master
Ether1Project+Ether1.zip,https://codeload.github.com/Ether1Project/Ether1/legacy.zip/master
chainpoint+chainpoint-cli.zip,https://codeload.github.com/chainpoint/chainpoint-cli/legacy.zip/master
Bit-Nation+BITNATION-Pangea-Desktop-Unity.zip,https://codeload.github.com/Bit-Nation/BITNATION-Pangea-Desktop-Unity/legacy.zip/master
essentiaone+crypto-django.zip,https://codeload.github.com/essentiaone/crypto-django/legacy.zip/develop
SilentNotary+ICO-SN.zip,https://codeload.github.com/SilentNotary/ICO-SN/legacy.zip/master
sacoin+Sacoin.zip,https://codeload.github.com/sacoin/Sacoin/legacy.zip/master
Metalde+MetalCoin.zip,https://codeload.github.com/Metalde/MetalCoin/legacy.zip/master
EtherSportz+Contracts.zip,https://codeload.github.com/EtherSportz/Contracts/legacy.zip/master
ultiledger+utoken.cash.zip,https://codeload.github.com/ultiledger/utoken.cash/legacy.zip/master
BitGuildPlatform+composables-998.zip,https://codeload.github.com/BitGuildPlatform/composables-998/legacy.zip/master
salamtura+mcw-token.zip,https://codeload.github.com/salamtura/mcw-token/legacy.zip/master
icon-project+icon-sdk-js.zip,https://codeload.github.com/icon-project/icon-sdk-js/legacy.zip/master
aurumcoin-au+Aurumcoin-AU.zip,https://codeload.github.com/aurumcoin-au/Aurumcoin-AU/legacy.zip/master
CHNCoin+CHNCoin.zip,https://codeload.github.com/CHNCoin/CHNCoin/legacy.zip/master
trinity-project+trinity-gateway.zip,https://codeload.github.com/trinity-project/trinity-gateway/legacy.zip/master
avatarcoin+avatarcoin.zip,https://codeload.github.com/avatarcoin/avatarcoin/legacy.zip/master
cnntoken+CNNApplication.zip,https://codeload.github.com/cnntoken/CNNApplication/legacy.zip/master
micro-money+prime.zip,https://codeload.github.com/micro-money/prime/legacy.zip/master
UlaTechGroup+UlatechGroup.zip,https://codeload.github.com/UlaTechGroup/UlatechGroup/legacy.zip/master
bottlecaps-foundation+bottlecaps.zip,https://codeload.github.com/bottlecaps-foundation/bottlecaps/legacy.zip/master
Vezt+Vezt.zip,https://codeload.github.com/Vezt/Vezt/legacy.zip/master
freicoin+freicoin.zip,https://codeload.github.com/freicoin/freicoin/legacy.zip/master
madross+incakoin-new.zip,https://codeload.github.com/madross/incakoin-new/legacy.zip/master
neuralprotocol+NRPSmartContract.zip,https://codeload.github.com/neuralprotocol/NRPSmartContract/legacy.zip/master
Viewly+token-contracts.zip,https://codeload.github.com/Viewly/token-contracts/legacy.zip/master
ezpos+eztoken-contract.zip,https://codeload.github.com/ezpos/eztoken-contract/legacy.zip/master
CatoCoin+CatoCoin.zip,https://codeload.github.com/CatoCoin/CatoCoin/legacy.zip/master
Utrum+py-ipfs-api.zip,https://codeload.github.com/Utrum/py-ipfs-api/legacy.zip/master
BLOCKvIO+documentation.zip,https://codeload.github.com/BLOCKvIO/documentation/legacy.zip/master
VeriSafe+tokens.zip,https://codeload.github.com/VeriSafe/tokens/legacy.zip/master
shopzcoin+shopzcoin.zip,https://codeload.github.com/shopzcoin/shopzcoin/legacy.zip/master
moneyfoundation+money.zip,https://codeload.github.com/moneyfoundation/money/legacy.zip/master-0.8
MutualCoin+MutualCoin.zip,https://codeload.github.com/MutualCoin/MutualCoin/legacy.zip/master
